TIMESTAMP,NEXT_CLASS,GUID,INSTRUCTOR,SPOTS_REMAINING
2022-03-15 08:11:42,,d3ab9dedb9d444f2af5c6848d5cd5bd3,Julie,14
2022-03-15 08:11:46,,7219cf17a8c240e6a0f55a91f1a2961f,Bryant,0
2022-03-15 08:11:50,,7ca73904c3d9495bac3a94aa15f8c6df,Britany,20
2022-03-15 08:11:53,,bdd150c8804a4849b8cf9c8e0c28f785,Julie,18
2022-03-15 08:11:58,,9fe1cf2b9bd94d5db616ed53459cca8e,Laura,18
2022-03-15 08:12:01,,07c0e269b1824adf90e259b7cc9b6859,Aly,21
2022-03-15 18:57:40,,9fe1cf2b9bd94d5db616ed53459cca8e,Laura,15
2022-03-15 19:41:04,,7219cf17a8c240e6a0f55a91f1a2961f,Bryant,25
2022-03-15 19:41:08,,7ca73904c3d9495bac3a94aa15f8c6df,Britany,17
2022-03-15 20:10:19,,7ca73904c3d9495bac3a94aa15f8c6df,Britany,16
2022-03-15 20:38:19,,7ca73904c3d9495bac3a94aa15f8c6df,Britany,15
2022-03-15 20:38:27,,9fe1cf2b9bd94d5db616ed53459cca8e,Laura,11
2022-03-15 21:08:48,,9fe1cf2b9bd94d5db616ed53459cca8e,Laura,10
2022-03-15 22:31:05,,7ca73904c3d9495bac3a94aa15f8c6df,Britany,13
2022-03-15 22:31:13,,9fe1cf2b9bd94d5db616ed53459cca8e,Laura,11
2022-03-15 23:41:21,,7ca73904c3d9495bac3a94aa15f8c6df,Britany,11
2022-03-16 00:06:21,,d3ab9dedb9d444f2af5c6848d5cd5bd3,Julie,20
2022-03-16 06:17:03,,7ca73904c3d9495bac3a94aa15f8c6df,Britany,10
2022-03-16 08:07:54,,7ca73904c3d9495bac3a94aa15f8c6df,Britany,9
2022-03-16 09:52:14,,9fe1cf2b9bd94d5db616ed53459cca8e,Laura,10
2022-03-16 10:35:13,,9fe1cf2b9bd94d5db616ed53459cca8e,Laura,9
2022-03-16 11:07:08,,7ca73904c3d9495bac3a94aa15f8c6df,Britany,8
2022-03-16 11:07:14,,9fe1cf2b9bd94d5db616ed53459cca8e,Laura,8
2022-03-16 13:08:14,,7ca73904c3d9495bac3a94aa15f8c6df,Britany,7
2022-03-16 13:37:51,,7ca73904c3d9495bac3a94aa15f8c6df,Britany,6
2022-03-16 14:08:26,,9fe1cf2b9bd94d5db616ed53459cca8e,Laura,7
2022-03-16 14:32:55,,7ca73904c3d9495bac3a94aa15f8c6df,Britany,7
2022-03-16 15:03:50,,9fe1cf2b9bd94d5db616ed53459cca8e,Laura,6
2022-03-16 15:32:36,,7ca73904c3d9495bac3a94aa15f8c6df,Britany,5
2022-03-16 17:23:57,,7ca73904c3d9495bac3a94aa15f8c6df,Britany,6
2022-03-16 18:11:04,,7ca73904c3d9495bac3a94aa15f8c6df,Britany,7
2022-03-16 18:11:08,,bdd150c8804a4849b8cf9c8e0c28f785,Julie,16
2022-03-16 18:53:25,,7ca73904c3d9495bac3a94aa15f8c6df,Britany,5
2022-03-16 18:53:27,,bdd150c8804a4849b8cf9c8e0c28f785,Julie,14
2022-03-16 19:35:06,,bdd150c8804a4849b8cf9c8e0c28f785,Julie,13
2022-03-16 19:35:09,,07c0e269b1824adf90e259b7cc9b6859,Aly,16
2022-03-16 20:07:10,,bdd150c8804a4849b8cf9c8e0c28f785,Julie,12
2022-03-16 20:36:11,,07c0e269b1824adf90e259b7cc9b6859,Aly,14
2022-03-16 21:43:30,,bdd150c8804a4849b8cf9c8e0c28f785,Julie,11
2022-03-16 21:43:35,,07c0e269b1824adf90e259b7cc9b6859,Aly,13
2022-03-16 22:31:16,,bdd150c8804a4849b8cf9c8e0c28f785,Julie,10
2022-03-16 23:41:09,,07c0e269b1824adf90e259b7cc9b6859,Aly,12
2022-03-17 08:44:04,,bdd150c8804a4849b8cf9c8e0c28f785,Julie,7
2022-03-17 09:11:45,,07c0e269b1824adf90e259b7cc9b6859,Aly,11
2022-03-17 10:12:08,,07c0e269b1824adf90e259b7cc9b6859,Aly,9
2022-03-17 11:11:17,,bdd150c8804a4849b8cf9c8e0c28f785,Julie,4
2022-03-17 11:41:35,,07c0e269b1824adf90e259b7cc9b6859,Aly,10
2022-03-17 12:08:22,,bdd150c8804a4849b8cf9c8e0c28f785,Julie,2
2022-03-17 12:08:27,,07c0e269b1824adf90e259b7cc9b6859,Aly,9
2022-03-17 12:31:04,,bdd150c8804a4849b8cf9c8e0c28f785,Julie,1
2022-03-17 13:34:12,,07c0e269b1824adf90e259b7cc9b6859,Aly,8
2022-03-17 14:03:08,,07c0e269b1824adf90e259b7cc9b6859,Aly,7
2022-03-17 14:32:02,,07c0e269b1824adf90e259b7cc9b6859,Aly,6
2022-03-17 15:35:09,,07c0e269b1824adf90e259b7cc9b6859,Aly,5
2022-03-17 16:04:02,,bdd150c8804a4849b8cf9c8e0c28f785,Julie,2
2022-03-17 16:04:06,,07c0e269b1824adf90e259b7cc9b6859,Aly,4
2022-03-17 16:33:33,,bdd150c8804a4849b8cf9c8e0c28f785,Julie,1
2022-03-17 18:56:23,,07c0e269b1824adf90e259b7cc9b6859,Aly,3
2022-03-21 13:35:21,2022-03-22 12:00:00,d3ab9dedb9d444f2af5c6848d5cd5bd3,Julie,19
2022-03-21 15:35:12,2022-03-22 12:00:00,d3ab9dedb9d444f2af5c6848d5cd5bd3,Julie,18
2022-03-21 17:26:28,2022-03-22 17:45:00,3a9eec849bf149a7a4e4dcc6029dccc2,Alicia,20
2022-03-21 19:06:01,2022-03-22 17:45:00,3a9eec849bf149a7a4e4dcc6029dccc2,Alicia,11
2022-03-21 20:04:44,2022-03-22 12:00:00,d3ab9dedb9d444f2af5c6848d5cd5bd3,Julie,17
2022-03-21 20:04:46,2022-03-22 19:30:00,7219cf17a8c240e6a0f55a91f1a2961f,Bryant,9
2022-03-21 20:42:45,2022-03-22 17:45:00,3a9eec849bf149a7a4e4dcc6029dccc2,Alicia,10
2022-03-21 20:42:50,2022-03-22 19:30:00,7219cf17a8c240e6a0f55a91f1a2961f,Bryant,3
2022-03-21 21:43:24,2022-03-22 17:45:00,3a9eec849bf149a7a4e4dcc6029dccc2,Alicia,9
2022-03-21 21:43:29,2022-03-22 19:30:00,7219cf17a8c240e6a0f55a91f1a2961f,Bryant,2
2022-03-21 22:31:24,2022-03-22 19:30:00,7219cf17a8c240e6a0f55a91f1a2961f,Bryant,1
2022-03-21 23:41:21,2022-03-22 12:00:00,d3ab9dedb9d444f2af5c6848d5cd5bd3,Julie,16
2022-03-21 23:41:25,2022-03-22 17:45:00,3a9eec849bf149a7a4e4dcc6029dccc2,Alicia,7
2022-03-22 00:05:49,2022-03-22 12:00:00,d3ab9dedb9d444f2af5c6848d5cd5bd3,Julie,15
2022-03-22 06:42:27,2022-03-22 19:30:00,7219cf17a8c240e6a0f55a91f1a2961f,Bryant,0
2022-03-22 07:08:49,2022-03-22 17:45:00,3a9eec849bf149a7a4e4dcc6029dccc2,Alicia,6
2022-03-22 07:35:41,2022-03-22 17:45:00,3a9eec849bf149a7a4e4dcc6029dccc2,Alicia,5
2022-03-22 08:10:56,2022-03-22 17:45:00,3a9eec849bf149a7a4e4dcc6029dccc2,Alicia,3
2022-03-22 10:43:27,2022-03-22 12:00:00,d3ab9dedb9d444f2af5c6848d5cd5bd3,Julie,13
2022-03-22 10:43:29,2022-03-22 17:45:00,3a9eec849bf149a7a4e4dcc6029dccc2,Alicia,2
2022-03-22 11:11:35,2022-03-22 12:00:00,d3ab9dedb9d444f2af5c6848d5cd5bd3,Julie,12
2022-03-22 11:44:28,2022-03-22 17:45:00,3a9eec849bf149a7a4e4dcc6029dccc2,Alicia,0
2022-03-22 14:32:41,2022-03-22 17:45:00,3a9eec849bf149a7a4e4dcc6029dccc2,Alicia,1
2022-03-22 16:34:18,2022-03-22 17:45:00,3a9eec849bf149a7a4e4dcc6029dccc2,Alicia,2
2022-03-22 17:30:29,2022-03-22 17:45:00,3a9eec849bf149a7a4e4dcc6029dccc2,Alicia,3
2022-03-22 17:30:31,2022-03-22 19:30:00,7219cf17a8c240e6a0f55a91f1a2961f,Bryant,1
2022-03-22 17:30:35,2022-03-23 17:45:00,9fe1cf2b9bd94d5db616ed53459cca8e,Laura,18
2022-03-22 19:21:35,2022-03-22 19:30:00,7219cf17a8c240e6a0f55a91f1a2961f,Bryant,0
2022-03-22 19:21:41,2022-03-23 19:15:00,7ca73904c3d9495bac3a94aa15f8c6df,Britany,19
2022-03-22 19:21:43,2022-03-23 17:45:00,9fe1cf2b9bd94d5db616ed53459cca8e,Laura,15
2022-03-22 20:07:23,2022-03-23 19:15:00,7ca73904c3d9495bac3a94aa15f8c6df,Britany,16
2022-03-22 20:45:43,2022-03-23 19:15:00,7ca73904c3d9495bac3a94aa15f8c6df,Britany,15
2022-03-22 21:06:42,2022-03-23 19:15:00,7ca73904c3d9495bac3a94aa15f8c6df,Britany,14
2022-03-22 21:43:12,2022-03-23 19:15:00,7ca73904c3d9495bac3a94aa15f8c6df,Britany,12
2022-03-22 21:43:14,2022-03-23 17:45:00,9fe1cf2b9bd94d5db616ed53459cca8e,Laura,14
2022-03-22 23:42:02,2022-03-23 19:15:00,7ca73904c3d9495bac3a94aa15f8c6df,Britany,11
2022-03-23 00:08:09,2022-03-23 19:15:00,7ca73904c3d9495bac3a94aa15f8c6df,Britany,10
2022-03-23 01:12:17,2022-03-23 19:15:00,7ca73904c3d9495bac3a94aa15f8c6df,Britany,9
2022-03-23 03:42:29,2022-03-23 19:15:00,7ca73904c3d9495bac3a94aa15f8c6df,Britany,8
2022-03-23 06:44:36,2022-03-23 19:15:00,7ca73904c3d9495bac3a94aa15f8c6df,Britany,7
2022-03-23 08:37:51,2022-03-23 17:45:00,9fe1cf2b9bd94d5db616ed53459cca8e,Laura,13
2022-03-23 10:08:15,2022-03-23 19:15:00,7ca73904c3d9495bac3a94aa15f8c6df,Britany,6
2022-03-23 10:40:26,2022-03-23 19:15:00,7ca73904c3d9495bac3a94aa15f8c6df,Britany,5
2022-03-23 11:11:32,2022-03-23 19:15:00,7ca73904c3d9495bac3a94aa15f8c6df,Britany,4
2022-03-23 11:11:34,2022-03-23 17:45:00,9fe1cf2b9bd94d5db616ed53459cca8e,Laura,11
2022-03-23 12:31:22,2022-03-23 17:45:00,9fe1cf2b9bd94d5db616ed53459cca8e,Laura,12
2022-03-23 13:37:22,2022-03-23 19:15:00,7ca73904c3d9495bac3a94aa15f8c6df,Britany,3
2022-03-23 14:07:31,2022-03-23 17:45:00,9fe1cf2b9bd94d5db616ed53459cca8e,Laura,11
2022-03-23 15:04:15,2022-03-23 19:15:00,7ca73904c3d9495bac3a94aa15f8c6df,Britany,2
2022-03-23 15:04:18,2022-03-23 17:45:00,9fe1cf2b9bd94d5db616ed53459cca8e,Laura,10
2022-03-23 16:05:55,2022-03-23 19:15:00,7ca73904c3d9495bac3a94aa15f8c6df,Britany,1
2022-03-23 17:25:25,2022-03-24 17:45:00,bdd150c8804a4849b8cf9c8e0c28f785,Julie,18
2022-03-23 19:02:47,2022-03-23 19:15:00,7ca73904c3d9495bac3a94aa15f8c6df,Britany,3
2022-03-23 19:02:50,2022-03-24 17:45:00,bdd150c8804a4849b8cf9c8e0c28f785,Julie,12
2022-03-23 19:02:53,2022-03-24 19:15:00,07c0e269b1824adf90e259b7cc9b6859,Aly,21
2022-03-23 20:01:48,2022-03-24 19:15:00,07c0e269b1824adf90e259b7cc9b6859,Aly,18
2022-03-23 20:40:26,2022-03-24 17:45:00,bdd150c8804a4849b8cf9c8e0c28f785,Julie,11
2022-03-23 20:40:29,2022-03-24 19:15:00,07c0e269b1824adf90e259b7cc9b6859,Aly,17
2022-03-23 22:31:15,2022-03-24 17:45:00,bdd150c8804a4849b8cf9c8e0c28f785,Julie,9
2022-03-23 23:07:34,2022-03-24 17:45:00,bdd150c8804a4849b8cf9c8e0c28f785,Julie,7
2022-03-23 23:07:40,2022-03-24 19:15:00,07c0e269b1824adf90e259b7cc9b6859,Aly,16
2022-03-23 23:41:48,2022-03-24 19:15:00,07c0e269b1824adf90e259b7cc9b6859,Aly,15
2022-03-24 00:04:45,2022-03-24 17:45:00,bdd150c8804a4849b8cf9c8e0c28f785,Julie,6
2022-03-24 04:07:46,2022-03-24 17:45:00,bdd150c8804a4849b8cf9c8e0c28f785,Julie,5
2022-03-24 07:37:42,2022-03-24 19:15:00,07c0e269b1824adf90e259b7cc9b6859,Aly,14
2022-03-24 08:37:58,2022-03-24 17:45:00,bdd150c8804a4849b8cf9c8e0c28f785,Julie,4
2022-03-24 09:06:49,2022-03-24 17:45:00,bdd150c8804a4849b8cf9c8e0c28f785,Julie,2
2022-03-24 09:51:09,2022-03-24 17:45:00,bdd150c8804a4849b8cf9c8e0c28f785,Julie,0
2022-03-24 09:51:12,2022-03-24 19:15:00,07c0e269b1824adf90e259b7cc9b6859,Aly,13
2022-03-24 10:17:32,2022-03-24 19:15:00,07c0e269b1824adf90e259b7cc9b6859,Aly,11
2022-03-24 11:11:32,2022-03-24 17:45:00,bdd150c8804a4849b8cf9c8e0c28f785,Julie,1
2022-03-24 12:31:03,2022-03-24 17:45:00,bdd150c8804a4849b8cf9c8e0c28f785,Julie,0
2022-03-24 13:08:19,2022-03-24 19:15:00,07c0e269b1824adf90e259b7cc9b6859,Aly,8
2022-03-24 15:06:15,2022-03-24 19:15:00,07c0e269b1824adf90e259b7cc9b6859,Aly,5
2022-03-24 16:05:26,2022-03-24 17:45:00,bdd150c8804a4849b8cf9c8e0c28f785,Julie,1
2022-03-24 17:24:38,2022-03-24 17:45:00,bdd150c8804a4849b8cf9c8e0c28f785,Julie,2
2022-03-24 17:24:40,2022-03-24 19:15:00,07c0e269b1824adf90e259b7cc9b6859,Aly,3
2022-03-24 18:57:16,2022-03-24 19:15:00,07c0e269b1824adf90e259b7cc9b6859,Aly,4
2022-03-28 11:40:43,2022-03-29 12:00:00,d3ab9dedb9d444f2af5c6848d5cd5bd3,Julie,20
2022-03-28 13:10:26,2022-03-29 12:00:00,d3ab9dedb9d444f2af5c6848d5cd5bd3,Julie,19
2022-03-28 15:35:36,2022-03-29 12:00:00,d3ab9dedb9d444f2af5c6848d5cd5bd3,Julie,17
2022-03-28 17:31:07,2022-03-29 17:45:00,3a9eec849bf149a7a4e4dcc6029dccc2,Alicia,20
2022-03-28 19:24:35,2022-03-29 12:00:00,d3ab9dedb9d444f2af5c6848d5cd5bd3,Julie,16
2022-03-28 19:24:39,2022-03-29 17:45:00,3a9eec849bf149a7a4e4dcc6029dccc2,Alicia,16
2022-03-28 19:24:43,2022-03-29 19:30:00,7219cf17a8c240e6a0f55a91f1a2961f,Bryant,25
2022-03-28 20:10:34,2022-03-29 17:45:00,3a9eec849bf149a7a4e4dcc6029dccc2,Alicia,14
2022-03-28 20:10:35,2022-03-29 19:30:00,7219cf17a8c240e6a0f55a91f1a2961f,Bryant,11
2022-03-28 21:07:06,2022-03-29 17:45:00,3a9eec849bf149a7a4e4dcc6029dccc2,Alicia,13
2022-03-28 21:43:58,2022-03-29 19:30:00,7219cf17a8c240e6a0f55a91f1a2961f,Bryant,9
2022-03-28 22:06:04,2022-03-29 17:45:00,3a9eec849bf149a7a4e4dcc6029dccc2,Alicia,12
2022-03-28 23:08:04,2022-03-29 17:45:00,3a9eec849bf149a7a4e4dcc6029dccc2,Alicia,11
2022-03-28 23:08:06,2022-03-29 19:30:00,7219cf17a8c240e6a0f55a91f1a2961f,Bryant,7
2022-03-28 23:42:27,2022-03-29 12:00:00,d3ab9dedb9d444f2af5c6848d5cd5bd3,Julie,15
2022-03-28 23:42:28,2022-03-29 17:45:00,3a9eec849bf149a7a4e4dcc6029dccc2,Alicia,10
2022-03-29 06:45:44,2022-03-29 17:45:00,3a9eec849bf149a7a4e4dcc6029dccc2,Alicia,9
2022-03-29 07:08:31,2022-03-29 17:45:00,3a9eec849bf149a7a4e4dcc6029dccc2,Alicia,8
2022-03-29 07:37:44,2022-03-29 19:30:00,7219cf17a8c240e6a0f55a91f1a2961f,Bryant,6
2022-03-29 08:41:32,2022-03-29 19:30:00,7219cf17a8c240e6a0f55a91f1a2961f,Bryant,5
2022-03-29 09:51:39,2022-03-29 12:00:00,d3ab9dedb9d444f2af5c6848d5cd5bd3,Julie,14
2022-03-29 09:51:43,2022-03-29 17:45:00,3a9eec849bf149a7a4e4dcc6029dccc2,Alicia,5
2022-03-29 09:51:44,2022-03-29 19:30:00,7219cf17a8c240e6a0f55a91f1a2961f,Bryant,4
2022-03-29 10:13:26,2022-03-29 17:45:00,3a9eec849bf149a7a4e4dcc6029dccc2,Alicia,6
2022-03-29 10:13:31,2022-03-29 19:30:00,7219cf17a8c240e6a0f55a91f1a2961f,Bryant,2
2022-03-29 10:38:16,2022-03-29 19:30:00,7219cf17a8c240e6a0f55a91f1a2961f,Bryant,0
2022-03-29 13:34:55,2022-03-29 17:45:00,3a9eec849bf149a7a4e4dcc6029dccc2,Alicia,5
2022-03-29 14:33:04,2022-03-29 17:45:00,3a9eec849bf149a7a4e4dcc6029dccc2,Alicia,4
2022-03-29 15:04:13,2022-03-29 19:30:00,7219cf17a8c240e6a0f55a91f1a2961f,Bryant,1
2022-03-29 15:35:45,2022-03-29 17:45:00,3a9eec849bf149a7a4e4dcc6029dccc2,Alicia,1
2022-03-29 16:34:58,2022-03-29 17:45:00,3a9eec849bf149a7a4e4dcc6029dccc2,Alicia,3
2022-03-29 16:35:00,2022-03-29 19:30:00,7219cf17a8c240e6a0f55a91f1a2961f,Bryant,0
2022-03-29 17:26:10,2022-03-29 17:45:00,3a9eec849bf149a7a4e4dcc6029dccc2,Alicia,2
2022-03-29 17:26:15,2022-03-30 17:45:00,9fe1cf2b9bd94d5db616ed53459cca8e,Laura,18
2022-03-29 19:10:14,2022-03-30 19:15:00,7ca73904c3d9495bac3a94aa15f8c6df,Britany,20
2022-03-29 20:09:53,2022-03-30 19:15:00,7ca73904c3d9495bac3a94aa15f8c6df,Britany,11
2022-03-29 20:46:53,2022-03-30 19:15:00,7ca73904c3d9495bac3a94aa15f8c6df,Britany,9
2022-03-29 21:06:36,2022-03-30 19:15:00,7ca73904c3d9495bac3a94aa15f8c6df,Britany,8
2022-03-29 21:44:03,2022-03-30 17:45:00,9fe1cf2b9bd94d5db616ed53459cca8e,Laura,17
2022-03-29 22:03:52,2022-03-30 19:15:00,7ca73904c3d9495bac3a94aa15f8c6df,Britany,7
2022-03-29 23:41:01,2022-03-30 19:15:00,7ca73904c3d9495bac3a94aa15f8c6df,Britany,5
2022-03-30 06:02:16,2022-03-30 17:45:00,9fe1cf2b9bd94d5db616ed53459cca8e,Laura,16
2022-03-30 07:35:32,2022-03-30 19:15:00,7ca73904c3d9495bac3a94aa15f8c6df,Britany,4
2022-03-30 08:09:24,2022-03-30 19:15:00,7ca73904c3d9495bac3a94aa15f8c6df,Britany,3
2022-03-30 08:38:55,2022-03-30 19:15:00,7ca73904c3d9495bac3a94aa15f8c6df,Britany,2
2022-03-30 09:09:48,2022-03-30 19:15:00,7ca73904c3d9495bac3a94aa15f8c6df,Britany,1
2022-03-30 09:49:22,2022-03-30 17:45:00,9fe1cf2b9bd94d5db616ed53459cca8e,Laura,15
2022-03-30 10:09:06,2022-03-30 19:15:00,7ca73904c3d9495bac3a94aa15f8c6df,Britany,0
2022-03-30 12:31:07,2022-03-30 19:15:00,7ca73904c3d9495bac3a94aa15f8c6df,Britany,1
2022-03-30 14:07:05,2022-03-30 19:15:00,7ca73904c3d9495bac3a94aa15f8c6df,Britany,0
2022-03-30 14:07:08,2022-03-30 17:45:00,9fe1cf2b9bd94d5db616ed53459cca8e,Laura,14
2022-03-30 16:03:43,2022-03-30 17:45:00,9fe1cf2b9bd94d5db616ed53459cca8e,Laura,13
2022-03-30 16:34:41,2022-03-30 19:15:00,7ca73904c3d9495bac3a94aa15f8c6df,Britany,1
2022-03-30 17:26:00,2022-03-30 19:15:00,7ca73904c3d9495bac3a94aa15f8c6df,Britany,0
2022-03-30 17:26:02,2022-03-31 17:45:00,bdd150c8804a4849b8cf9c8e0c28f785,Julie,18
2022-03-30 17:26:07,2022-03-30 17:45:00,9fe1cf2b9bd94d5db616ed53459cca8e,Laura,11
2022-03-30 19:05:03,2022-03-31 17:45:00,bdd150c8804a4849b8cf9c8e0c28f785,Julie,13
2022-03-30 19:05:04,2022-03-31 19:15:00,07c0e269b1824adf90e259b7cc9b6859,Aly,21
2022-03-30 20:07:16,2022-03-31 17:45:00,bdd150c8804a4849b8cf9c8e0c28f785,Julie,11
2022-03-30 20:07:21,2022-03-31 19:15:00,07c0e269b1824adf90e259b7cc9b6859,Aly,18
2022-03-30 20:45:28,2022-03-31 17:45:00,bdd150c8804a4849b8cf9c8e0c28f785,Julie,8
2022-03-30 20:45:33,2022-03-31 19:15:00,07c0e269b1824adf90e259b7cc9b6859,Aly,16
2022-03-30 22:04:20,2022-03-31 17:45:00,bdd150c8804a4849b8cf9c8e0c28f785,Julie,7
2022-03-30 22:31:59,2022-03-31 17:45:00,bdd150c8804a4849b8cf9c8e0c28f785,Julie,5
2022-03-30 23:09:46,2022-03-31 17:45:00,bdd150c8804a4849b8cf9c8e0c28f785,Julie,4
2022-03-31 05:14:30,2022-03-31 17:45:00,bdd150c8804a4849b8cf9c8e0c28f785,Julie,3
2022-03-31 08:11:27,2022-03-31 17:45:00,bdd150c8804a4849b8cf9c8e0c28f785,Julie,2
2022-03-31 09:06:47,2022-03-31 19:15:00,07c0e269b1824adf90e259b7cc9b6859,Aly,15
2022-03-31 09:52:29,2022-03-31 17:45:00,bdd150c8804a4849b8cf9c8e0c28f785,Julie,1
2022-03-31 09:52:34,2022-03-31 19:15:00,07c0e269b1824adf90e259b7cc9b6859,Aly,14
2022-03-31 10:14:21,2022-03-31 17:45:00,bdd150c8804a4849b8cf9c8e0c28f785,Julie,0
2022-03-31 10:36:58,2022-03-31 19:15:00,07c0e269b1824adf90e259b7cc9b6859,Aly,13
2022-03-31 11:41:08,2022-03-31 19:15:00,07c0e269b1824adf90e259b7cc9b6859,Aly,12
2022-03-31 13:10:23,2022-03-31 19:15:00,07c0e269b1824adf90e259b7cc9b6859,Aly,10
2022-03-31 15:04:28,2022-03-31 19:15:00,07c0e269b1824adf90e259b7cc9b6859,Aly,9
2022-03-31 17:30:01,2022-03-31 17:45:00,bdd150c8804a4849b8cf9c8e0c28f785,Julie,1
2022-04-04 11:46:34,2022-04-05 12:00:00,d3ab9dedb9d444f2af5c6848d5cd5bd3,Julie,20
2022-04-04 12:12:52,2022-04-05 12:00:00,d3ab9dedb9d444f2af5c6848d5cd5bd3,Julie,19
2022-04-04 13:16:17,2022-04-05 12:00:00,d3ab9dedb9d444f2af5c6848d5cd5bd3,Julie,17
2022-04-04 15:15:00,2022-04-05 12:00:00,d3ab9dedb9d444f2af5c6848d5cd5bd3,Julie,16
2022-04-04 15:39:01,2022-04-05 12:00:00,d3ab9dedb9d444f2af5c6848d5cd5bd3,Julie,15
2022-04-04 18:16:52,2022-04-05 12:00:00,d3ab9dedb9d444f2af5c6848d5cd5bd3,Julie,14
2022-04-04 18:16:54,2022-04-05 17:45:00,3a9eec849bf149a7a4e4dcc6029dccc2,Alicia,15
2022-04-04 19:43:56,2022-04-05 12:00:00,d3ab9dedb9d444f2af5c6848d5cd5bd3,Julie,13
2022-04-04 19:44:02,2022-04-05 17:45:00,3a9eec849bf149a7a4e4dcc6029dccc2,Alicia,13
2022-04-04 19:44:06,2022-04-05 19:30:00,7219cf17a8c240e6a0f55a91f1a2961f,Bryant,8
2022-04-04 20:29:16,2022-04-05 17:45:00,3a9eec849bf149a7a4e4dcc6029dccc2,Alicia,12
2022-04-04 20:29:19,2022-04-05 19:30:00,7219cf17a8c240e6a0f55a91f1a2961f,Bryant,6
2022-04-04 20:51:12,2022-04-05 19:30:00,7219cf17a8c240e6a0f55a91f1a2961f,Bryant,5
2022-04-04 21:21:56,2022-04-05 12:00:00,d3ab9dedb9d444f2af5c6848d5cd5bd3,Julie,12
2022-04-04 21:21:57,2022-04-05 17:45:00,3a9eec849bf149a7a4e4dcc6029dccc2,Alicia,11
2022-04-04 21:22:01,2022-04-05 19:30:00,7219cf17a8c240e6a0f55a91f1a2961f,Bryant,4
2022-04-04 22:16:11,2022-04-05 12:00:00,d3ab9dedb9d444f2af5c6848d5cd5bd3,Julie,10
2022-04-04 22:16:19,2022-04-05 19:30:00,7219cf17a8c240e6a0f55a91f1a2961f,Bryant,2
2022-04-04 22:37:03,2022-04-05 17:45:00,3a9eec849bf149a7a4e4dcc6029dccc2,Alicia,10
2022-04-04 22:37:05,2022-04-05 19:30:00,7219cf17a8c240e6a0f55a91f1a2961f,Bryant,0
2022-04-04 23:46:09,2022-04-05 17:45:00,3a9eec849bf149a7a4e4dcc6029dccc2,Alicia,8
2022-04-05 01:26:32,2022-04-05 17:45:00,3a9eec849bf149a7a4e4dcc6029dccc2,Alicia,10
2022-04-05 06:44:17,2022-04-05 17:45:00,3a9eec849bf149a7a4e4dcc6029dccc2,Alicia,8
2022-04-05 07:38:45,2022-04-05 17:45:00,3a9eec849bf149a7a4e4dcc6029dccc2,Alicia,7
2022-04-05 08:19:02,2022-04-05 12:00:00,d3ab9dedb9d444f2af5c6848d5cd5bd3,Julie,9
2022-04-05 08:19:06,2022-04-05 17:45:00,3a9eec849bf149a7a4e4dcc6029dccc2,Alicia,6
2022-04-05 08:43:07,2022-04-05 12:00:00,d3ab9dedb9d444f2af5c6848d5cd5bd3,Julie,8
2022-04-05 10:24:08,2022-04-05 12:00:00,d3ab9dedb9d444f2af5c6848d5cd5bd3,Julie,7
2022-04-05 11:46:45,2022-04-05 12:00:00,d3ab9dedb9d444f2af5c6848d5cd5bd3,Julie,6
2022-04-05 11:46:50,2022-04-05 17:45:00,3a9eec849bf149a7a4e4dcc6029dccc2,Alicia,5
2022-04-05 12:14:29,2022-04-05 17:45:00,3a9eec849bf149a7a4e4dcc6029dccc2,Alicia,4
2022-04-05 12:38:29,2022-04-05 17:45:00,3a9eec849bf149a7a4e4dcc6029dccc2,Alicia,3
2022-04-05 13:18:48,2022-04-05 17:45:00,3a9eec849bf149a7a4e4dcc6029dccc2,Alicia,2
2022-04-05 13:18:50,2022-04-05 19:30:00,7219cf17a8c240e6a0f55a91f1a2961f,Bryant,1
2022-04-05 13:39:58,2022-04-05 19:30:00,7219cf17a8c240e6a0f55a91f1a2961f,Bryant,0
2022-04-05 14:13:45,2022-04-05 19:30:00,7219cf17a8c240e6a0f55a91f1a2961f,Bryant,1
2022-04-05 15:39:20,2022-04-05 17:45:00,3a9eec849bf149a7a4e4dcc6029dccc2,Alicia,1
2022-04-05 15:39:22,2022-04-05 19:30:00,7219cf17a8c240e6a0f55a91f1a2961f,Bryant,0
2022-04-05 16:39:32,2022-04-05 17:45:00,3a9eec849bf149a7a4e4dcc6029dccc2,Alicia,0
2022-04-05 18:19:44,2022-04-06 17:45:00,9fe1cf2b9bd94d5db616ed53459cca8e,Laura,18
2022-04-05 19:45:43,2022-04-06 19:15:00,7ca73904c3d9495bac3a94aa15f8c6df,Britany,15
2022-04-05 20:30:31,2022-04-06 19:15:00,7ca73904c3d9495bac3a94aa15f8c6df,Britany,13
2022-04-05 21:22:10,2022-04-06 19:15:00,7ca73904c3d9495bac3a94aa15f8c6df,Britany,10
2022-04-05 21:48:11,2022-04-06 19:15:00,7ca73904c3d9495bac3a94aa15f8c6df,Britany,8
2022-04-05 22:16:18,2022-04-06 17:45:00,9fe1cf2b9bd94d5db616ed53459cca8e,Laura,17
2022-04-06 00:16:59,2022-04-06 19:15:00,7ca73904c3d9495bac3a94aa15f8c6df,Britany,6
2022-04-06 09:55:54,2022-04-06 19:15:00,7ca73904c3d9495bac3a94aa15f8c6df,Britany,5
2022-04-06 11:21:31,2022-04-06 19:15:00,7ca73904c3d9495bac3a94aa15f8c6df,Britany,6
2022-04-06 11:21:36,2022-04-06 17:45:00,9fe1cf2b9bd94d5db616ed53459cca8e,Laura,16
2022-04-06 13:18:20,2022-04-06 19:15:00,7ca73904c3d9495bac3a94aa15f8c6df,Britany,7
2022-04-06 14:15:59,2022-04-06 19:15:00,7ca73904c3d9495bac3a94aa15f8c6df,Britany,8
2022-04-06 14:38:36,2022-04-06 19:15:00,7ca73904c3d9495bac3a94aa15f8c6df,Britany,7
2022-04-06 15:17:42,2022-04-06 19:15:00,7ca73904c3d9495bac3a94aa15f8c6df,Britany,5
2022-04-06 15:17:44,2022-04-06 17:45:00,9fe1cf2b9bd94d5db616ed53459cca8e,Laura,15
2022-04-06 15:41:01,2022-04-06 19:15:00,7ca73904c3d9495bac3a94aa15f8c6df,Britany,4
2022-04-06 16:17:50,2022-04-06 19:15:00,7ca73904c3d9495bac3a94aa15f8c6df,Britany,6
2022-04-06 16:39:41,2022-04-06 19:15:00,7ca73904c3d9495bac3a94aa15f8c6df,Britany,5
2022-04-06 18:19:22,2022-04-06 19:15:00,7ca73904c3d9495bac3a94aa15f8c6df,Britany,4
2022-04-06 18:19:23,2022-04-07 17:45:00,bdd150c8804a4849b8cf9c8e0c28f785,Julie,15
2022-04-06 19:43:46,2022-04-07 17:45:00,bdd150c8804a4849b8cf9c8e0c28f785,Julie,10
2022-04-06 19:43:49,2022-04-07 19:15:00,07c0e269b1824adf90e259b7cc9b6859,Aly,19
2022-04-06 20:51:12,2022-04-07 19:15:00,07c0e269b1824adf90e259b7cc9b6859,Aly,18
2022-04-06 21:22:19,2022-04-07 17:45:00,bdd150c8804a4849b8cf9c8e0c28f785,Julie,9
2022-04-06 22:16:25,2022-04-07 17:45:00,bdd150c8804a4849b8cf9c8e0c28f785,Julie,8
2022-04-06 22:37:28,2022-04-07 17:45:00,bdd150c8804a4849b8cf9c8e0c28f785,Julie,9
2022-04-06 22:37:30,2022-04-07 19:15:00,07c0e269b1824adf90e259b7cc9b6859,Aly,17
2022-04-06 23:21:32,2022-04-07 17:45:00,bdd150c8804a4849b8cf9c8e0c28f785,Julie,8
2022-04-06 23:21:34,2022-04-07 19:15:00,07c0e269b1824adf90e259b7cc9b6859,Aly,16
2022-04-06 23:46:50,2022-04-07 17:45:00,bdd150c8804a4849b8cf9c8e0c28f785,Julie,7
2022-04-07 08:47:47,2022-04-07 17:45:00,bdd150c8804a4849b8cf9c8e0c28f785,Julie,6
2022-04-07 09:24:52,2022-04-07 17:45:00,bdd150c8804a4849b8cf9c8e0c28f785,Julie,5
2022-04-07 09:24:57,2022-04-07 19:15:00,07c0e269b1824adf90e259b7cc9b6859,Aly,15
2022-04-07 09:55:28,2022-04-07 17:45:00,bdd150c8804a4849b8cf9c8e0c28f785,Julie,4
2022-04-07 11:20:53,2022-04-07 17:45:00,bdd150c8804a4849b8cf9c8e0c28f785,Julie,3
2022-04-07 11:20:55,2022-04-07 19:15:00,07c0e269b1824adf90e259b7cc9b6859,Aly,14
2022-04-07 13:18:50,2022-04-07 17:45:00,bdd150c8804a4849b8cf9c8e0c28f785,Julie,2
2022-04-07 14:15:31,2022-04-07 17:45:00,bdd150c8804a4849b8cf9c8e0c28f785,Julie,0
2022-04-07 14:15:33,2022-04-07 19:15:00,07c0e269b1824adf90e259b7cc9b6859,Aly,13
2022-04-07 15:39:46,2022-04-07 17:45:00,bdd150c8804a4849b8cf9c8e0c28f785,Julie,1
2022-04-07 16:17:36,2022-04-07 17:45:00,bdd150c8804a4849b8cf9c8e0c28f785,Julie,3
2022-04-07 16:39:26,2022-04-07 17:45:00,bdd150c8804a4849b8cf9c8e0c28f785,Julie,4
2022-04-07 18:29:38,2022-04-07 19:15:00,07c0e269b1824adf90e259b7cc9b6859,Aly,11
2022-04-11 11:47:04,2022-04-12 12:00:00,d3ab9dedb9d444f2af5c6848d5cd5bd3,Julie,20
2022-04-11 12:12:48,2022-04-12 12:00:00,d3ab9dedb9d444f2af5c6848d5cd5bd3,Julie,19
2022-04-11 13:40:49,2022-04-12 12:00:00,d3ab9dedb9d444f2af5c6848d5cd5bd3,Julie,17
2022-04-11 15:15:23,2022-04-12 12:00:00,d3ab9dedb9d444f2af5c6848d5cd5bd3,Julie,16
2022-04-11 18:21:14,2022-04-12 12:00:00,d3ab9dedb9d444f2af5c6848d5cd5bd3,Julie,15
2022-04-11 18:21:16,2022-04-12 17:45:00,3a9eec849bf149a7a4e4dcc6029dccc2,Alicia,17
2022-04-11 19:50:48,2022-04-12 19:30:00,7219cf17a8c240e6a0f55a91f1a2961f,Bryant,10
2022-04-11 20:33:58,2022-04-12 17:45:00,3a9eec849bf149a7a4e4dcc6029dccc2,Alicia,15
2022-04-11 20:34:03,2022-04-12 19:30:00,7219cf17a8c240e6a0f55a91f1a2961f,Bryant,9
2022-04-11 21:22:06,2022-04-12 12:00:00,d3ab9dedb9d444f2af5c6848d5cd5bd3,Julie,13
2022-04-11 21:22:13,2022-04-12 19:30:00,7219cf17a8c240e6a0f55a91f1a2961f,Bryant,8
2022-04-11 21:48:19,2022-04-12 12:00:00,d3ab9dedb9d444f2af5c6848d5cd5bd3,Julie,12
2022-04-11 22:16:07,2022-04-12 17:45:00,3a9eec849bf149a7a4e4dcc6029dccc2,Alicia,14
2022-04-11 22:37:37,2022-04-12 19:30:00,7219cf17a8c240e6a0f55a91f1a2961f,Bryant,5
2022-04-11 23:22:03,2022-04-12 17:45:00,3a9eec849bf149a7a4e4dcc6029dccc2,Alicia,15
2022-04-11 23:22:08,2022-04-12 19:30:00,7219cf17a8c240e6a0f55a91f1a2961f,Bryant,3
2022-04-11 23:46:25,2022-04-12 19:30:00,7219cf17a8c240e6a0f55a91f1a2961f,Bryant,1
2022-04-12 00:17:32,2022-04-12 17:45:00,3a9eec849bf149a7a4e4dcc6029dccc2,Alicia,14
2022-04-12 03:42:35,2022-04-12 12:00:00,d3ab9dedb9d444f2af5c6848d5cd5bd3,Julie,11
2022-04-12 06:47:10,2022-04-13 07:00:00,851a0a2125ef4b15b1fddd8b3b6720bf,Sarah,20
2022-04-12 07:22:00,2022-04-12 12:00:00,d3ab9dedb9d444f2af5c6848d5cd5bd3,Julie,13
2022-04-12 07:22:09,2022-04-12 19:30:00,7219cf17a8c240e6a0f55a91f1a2961f,Bryant,0
2022-04-12 08:22:26,2022-04-12 17:45:00,3a9eec849bf149a7a4e4dcc6029dccc2,Alicia,13
2022-04-12 09:29:39,2022-04-13 07:00:00,851a0a2125ef4b15b1fddd8b3b6720bf,Sarah,19
2022-04-12 09:56:39,2022-04-12 19:30:00,7219cf17a8c240e6a0f55a91f1a2961f,Bryant,1
2022-04-12 10:23:53,2022-04-12 12:00:00,d3ab9dedb9d444f2af5c6848d5cd5bd3,Julie,11
2022-04-12 10:23:58,2022-04-12 17:45:00,3a9eec849bf149a7a4e4dcc6029dccc2,Alicia,12
2022-04-12 10:23:59,2022-04-12 19:30:00,7219cf17a8c240e6a0f55a91f1a2961f,Bryant,2
2022-04-12 10:24:04,2022-04-13 07:00:00,851a0a2125ef4b15b1fddd8b3b6720bf,Sarah,18
2022-04-12 10:44:12,2022-04-13 07:00:00,851a0a2125ef4b15b1fddd8b3b6720bf,Sarah,17
2022-04-12 11:21:15,2022-04-12 17:45:00,3a9eec849bf149a7a4e4dcc6029dccc2,Alicia,11
2022-04-12 11:21:18,2022-04-12 19:30:00,7219cf17a8c240e6a0f55a91f1a2961f,Bryant,1
2022-04-12 11:45:36,2022-04-12 19:30:00,7219cf17a8c240e6a0f55a91f1a2961f,Bryant,0
2022-04-12 12:14:33,2022-04-12 17:45:00,3a9eec849bf149a7a4e4dcc6029dccc2,Alicia,10
2022-04-12 12:36:31,2022-04-12 17:45:00,3a9eec849bf149a7a4e4dcc6029dccc2,Alicia,9
2022-04-12 12:36:39,2022-04-13 07:00:00,851a0a2125ef4b15b1fddd8b3b6720bf,Sarah,16
2022-04-12 13:18:42,2022-04-12 17:45:00,3a9eec849bf149a7a4e4dcc6029dccc2,Alicia,8
2022-04-12 13:18:47,2022-04-13 07:00:00,851a0a2125ef4b15b1fddd8b3b6720bf,Sarah,14
2022-04-12 14:41:15,2022-04-12 17:45:00,3a9eec849bf149a7a4e4dcc6029dccc2,Alicia,9
2022-04-12 18:25:44,2022-04-12 19:30:00,7219cf17a8c240e6a0f55a91f1a2961f,Bryant,2
2022-04-12 18:25:48,2022-04-13 07:00:00,851a0a2125ef4b15b1fddd8b3b6720bf,Sarah,13
2022-04-12 18:25:51,2022-04-13 17:45:00,9fe1cf2b9bd94d5db616ed53459cca8e,Laura,17
2022-04-12 19:54:23,2022-04-13 19:15:00,7ca73904c3d9495bac3a94aa15f8c6df,Britany,18
2022-04-12 19:54:26,2022-04-13 17:45:00,9fe1cf2b9bd94d5db616ed53459cca8e,Laura,16
2022-04-12 21:24:11,2022-04-13 19:15:00,7ca73904c3d9495bac3a94aa15f8c6df,Britany,17
2022-04-12 21:50:13,2022-04-13 19:15:00,7ca73904c3d9495bac3a94aa15f8c6df,Britany,14
2022-04-12 21:50:15,2022-04-13 17:45:00,9fe1cf2b9bd94d5db616ed53459cca8e,Laura,15
2022-04-12 22:16:18,2022-04-13 19:15:00,7ca73904c3d9495bac3a94aa15f8c6df,Britany,13
2022-04-12 22:16:24,2022-04-13 17:45:00,9fe1cf2b9bd94d5db616ed53459cca8e,Laura,14
2022-04-12 22:37:52,2022-04-13 07:00:00,851a0a2125ef4b15b1fddd8b3b6720bf,Sarah,12
2022-04-12 23:22:29,2022-04-13 07:00:00,851a0a2125ef4b15b1fddd8b3b6720bf,Sarah,11
2022-04-12 23:46:17,2022-04-13 19:15:00,7ca73904c3d9495bac3a94aa15f8c6df,Britany,12
2022-04-13 00:42:33,2022-04-13 07:00:00,851a0a2125ef4b15b1fddd8b3b6720bf,Sarah,12
2022-04-13 00:42:37,2022-04-13 19:15:00,7ca73904c3d9495bac3a94aa15f8c6df,Britany,11
2022-04-13 02:42:24,2022-04-13 19:15:00,7ca73904c3d9495bac3a94aa15f8c6df,Britany,10
2022-04-13 06:27:27,2022-04-13 17:45:00,9fe1cf2b9bd94d5db616ed53459cca8e,Laura,13
2022-04-13 11:20:55,2022-04-13 19:15:00,7ca73904c3d9495bac3a94aa15f8c6df,Britany,9
2022-04-13 12:15:11,2022-04-13 19:15:00,7ca73904c3d9495bac3a94aa15f8c6df,Britany,7
2022-04-13 13:19:20,2022-04-13 19:15:00,7ca73904c3d9495bac3a94aa15f8c6df,Britany,6
2022-04-13 13:40:41,2022-04-13 19:15:00,7ca73904c3d9495bac3a94aa15f8c6df,Britany,5
2022-04-13 18:27:21,2022-04-13 19:15:00,7ca73904c3d9495bac3a94aa15f8c6df,Britany,4
2022-04-13 18:27:25,2022-04-14 17:45:00,bdd150c8804a4849b8cf9c8e0c28f785,Julie,16
2022-04-13 20:39:38,2022-04-14 17:45:00,bdd150c8804a4849b8cf9c8e0c28f785,Julie,14
2022-04-13 21:21:26,2022-04-14 17:45:00,bdd150c8804a4849b8cf9c8e0c28f785,Julie,13
2022-04-13 22:37:56,2022-04-14 17:45:00,bdd150c8804a4849b8cf9c8e0c28f785,Julie,12
2022-04-13 23:22:34,2022-04-14 17:45:00,bdd150c8804a4849b8cf9c8e0c28f785,Julie,11
2022-04-14 00:38:27,2022-04-14 17:45:00,bdd150c8804a4849b8cf9c8e0c28f785,Julie,10
2022-04-14 02:42:06,2022-04-14 17:45:00,bdd150c8804a4849b8cf9c8e0c28f785,Julie,9
2022-04-14 08:44:00,2022-04-14 17:45:00,bdd150c8804a4849b8cf9c8e0c28f785,Julie,5
2022-04-14 10:27:08,2022-04-14 17:45:00,bdd150c8804a4849b8cf9c8e0c28f785,Julie,4
2022-04-14 11:43:42,2022-04-14 17:45:00,bdd150c8804a4849b8cf9c8e0c28f785,Julie,1
2022-04-14 15:19:05,2022-04-14 17:45:00,bdd150c8804a4849b8cf9c8e0c28f785,Julie,0
2022-04-18 11:47:13,2022-04-19 12:00:00,d3ab9dedb9d444f2af5c6848d5cd5bd3,Julie,20
2022-04-18 14:14:00,2022-04-19 12:00:00,d3ab9dedb9d444f2af5c6848d5cd5bd3,Julie,18
2022-04-18 14:36:43,2022-04-19 12:00:00,d3ab9dedb9d444f2af5c6848d5cd5bd3,Julie,17
2022-04-18 15:16:24,2022-04-19 12:00:00,d3ab9dedb9d444f2af5c6848d5cd5bd3,Julie,16
2022-04-18 18:41:02,2022-04-19 12:00:00,d3ab9dedb9d444f2af5c6848d5cd5bd3,Julie,15
2022-04-18 18:41:06,2022-04-19 17:45:00,3a9eec849bf149a7a4e4dcc6029dccc2,Alicia,18
2022-04-18 20:25:30,2022-04-19 12:00:00,d3ab9dedb9d444f2af5c6848d5cd5bd3,Julie,14
2022-04-18 20:25:34,2022-04-19 17:45:00,3a9eec849bf149a7a4e4dcc6029dccc2,Alicia,16
2022-04-18 20:25:36,2022-04-19 19:30:00,7219cf17a8c240e6a0f55a91f1a2961f,Bryant,3
2022-04-18 21:07:45,2022-04-19 17:45:00,3a9eec849bf149a7a4e4dcc6029dccc2,Alicia,15
2022-04-18 21:07:50,2022-04-19 19:30:00,7219cf17a8c240e6a0f55a91f1a2961f,Bryant,0
2022-04-18 22:02:32,2022-04-19 12:00:00,d3ab9dedb9d444f2af5c6848d5cd5bd3,Julie,12
2022-04-18 22:02:35,2022-04-19 17:45:00,3a9eec849bf149a7a4e4dcc6029dccc2,Alicia,14
2022-04-18 22:43:31,2022-04-19 17:45:00,3a9eec849bf149a7a4e4dcc6029dccc2,Alicia,13
2022-04-18 23:48:09,2022-04-19 17:45:00,3a9eec849bf149a7a4e4dcc6029dccc2,Alicia,12
2022-04-19 02:18:01,2022-04-19 12:00:00,d3ab9dedb9d444f2af5c6848d5cd5bd3,Julie,11
2022-04-19 06:36:09,2022-04-19 17:45:00,3a9eec849bf149a7a4e4dcc6029dccc2,Alicia,11
2022-04-19 06:36:17,2022-04-20 07:00:00,851a0a2125ef4b15b1fddd8b3b6720bf,Sarah,20
2022-04-19 07:17:16,2022-04-20 07:00:00,851a0a2125ef4b15b1fddd8b3b6720bf,Sarah,17
2022-04-19 07:39:41,2022-04-19 17:45:00,3a9eec849bf149a7a4e4dcc6029dccc2,Alicia,9
2022-04-19 08:19:25,2022-04-20 07:00:00,851a0a2125ef4b15b1fddd8b3b6720bf,Sarah,15
2022-04-19 09:27:05,2022-04-20 07:00:00,851a0a2125ef4b15b1fddd8b3b6720bf,Sarah,11
2022-04-19 10:02:49,2022-04-20 07:00:00,851a0a2125ef4b15b1fddd8b3b6720bf,Sarah,8
2022-04-19 10:44:59,2022-04-19 17:45:00,3a9eec849bf149a7a4e4dcc6029dccc2,Alicia,8
2022-04-19 11:24:15,2022-04-19 12:00:00,d3ab9dedb9d444f2af5c6848d5cd5bd3,Julie,12
2022-04-19 12:14:49,2022-04-19 19:30:00,7219cf17a8c240e6a0f55a91f1a2961f,Bryant,1
2022-04-19 12:14:55,2022-04-20 07:00:00,851a0a2125ef4b15b1fddd8b3b6720bf,Sarah,7
2022-04-19 12:37:04,2022-04-19 19:30:00,7219cf17a8c240e6a0f55a91f1a2961f,Bryant,0
2022-04-19 16:38:56,2022-04-19 17:45:00,3a9eec849bf149a7a4e4dcc6029dccc2,Alicia,7
2022-04-19 16:39:04,2022-04-20 07:00:00,851a0a2125ef4b15b1fddd8b3b6720bf,Sarah,6
2022-04-19 18:47:11,2022-04-19 19:30:00,7219cf17a8c240e6a0f55a91f1a2961f,Bryant,2
2022-04-19 18:47:15,2022-04-20 07:00:00,851a0a2125ef4b15b1fddd8b3b6720bf,Sarah,4
2022-04-19 18:47:19,2022-04-20 19:15:00,7ca73904c3d9495bac3a94aa15f8c6df,Britany,20
2022-04-19 18:47:22,2022-04-20 17:45:00,9fe1cf2b9bd94d5db616ed53459cca8e,Laura,15
2022-04-19 20:41:31,2022-04-20 07:00:00,851a0a2125ef4b15b1fddd8b3b6720bf,Sarah,3
2022-04-19 20:41:34,2022-04-20 19:15:00,7ca73904c3d9495bac3a94aa15f8c6df,Britany,16
2022-04-19 20:41:38,2022-04-20 17:45:00,9fe1cf2b9bd94d5db616ed53459cca8e,Laura,13
2022-04-19 21:48:31,2022-04-20 07:00:00,851a0a2125ef4b15b1fddd8b3b6720bf,Sarah,2
2022-04-19 22:34:04,2022-04-20 07:00:00,851a0a2125ef4b15b1fddd8b3b6720bf,Sarah,1
2022-04-19 23:23:22,2022-04-20 07:00:00,851a0a2125ef4b15b1fddd8b3b6720bf,Sarah,2
2022-04-19 23:23:25,2022-04-20 19:15:00,7ca73904c3d9495bac3a94aa15f8c6df,Britany,15
2022-04-19 23:23:27,2022-04-20 17:45:00,9fe1cf2b9bd94d5db616ed53459cca8e,Laura,12
2022-04-19 23:49:31,2022-04-20 07:00:00,851a0a2125ef4b15b1fddd8b3b6720bf,Sarah,0
2022-04-20 01:51:34,2022-04-20 17:45:00,9fe1cf2b9bd94d5db616ed53459cca8e,Laura,10
2022-04-20 02:46:00,2022-04-20 19:15:00,7ca73904c3d9495bac3a94aa15f8c6df,Britany,13
2022-04-20 08:46:31,2022-04-20 19:15:00,7ca73904c3d9495bac3a94aa15f8c6df,Britany,11
2022-04-20 09:29:32,2022-04-20 19:15:00,7ca73904c3d9495bac3a94aa15f8c6df,Britany,10
2022-04-20 11:22:29,2022-04-20 17:45:00,9fe1cf2b9bd94d5db616ed53459cca8e,Laura,9
2022-04-20 12:14:52,2022-04-20 19:15:00,7ca73904c3d9495bac3a94aa15f8c6df,Britany,9
2022-04-20 14:39:05,2022-04-20 17:45:00,9fe1cf2b9bd94d5db616ed53459cca8e,Laura,8
2022-04-20 18:39:27,2022-04-20 19:15:00,7ca73904c3d9495bac3a94aa15f8c6df,Britany,8
2022-04-20 18:39:31,2022-04-21 17:45:00,bdd150c8804a4849b8cf9c8e0c28f785,Julie,18
2022-04-20 20:34:33,2022-04-21 17:45:00,bdd150c8804a4849b8cf9c8e0c28f785,Julie,15
2022-04-20 20:34:37,2022-04-21 19:15:00,07c0e269b1824adf90e259b7cc9b6859,Aly,15
2022-04-20 21:45:22,2022-04-21 17:45:00,bdd150c8804a4849b8cf9c8e0c28f785,Julie,13
2022-04-20 21:45:27,2022-04-21 19:15:00,07c0e269b1824adf90e259b7cc9b6859,Aly,11
2022-04-20 22:36:03,2022-04-21 17:45:00,bdd150c8804a4849b8cf9c8e0c28f785,Julie,12
2022-04-20 23:23:32,2022-04-21 19:15:00,07c0e269b1824adf90e259b7cc9b6859,Aly,9
2022-04-20 23:51:08,2022-04-21 17:45:00,bdd150c8804a4849b8cf9c8e0c28f785,Julie,11
2022-04-20 23:51:10,2022-04-21 19:15:00,07c0e269b1824adf90e259b7cc9b6859,Aly,8
2022-04-21 07:43:48,2022-04-21 17:45:00,bdd150c8804a4849b8cf9c8e0c28f785,Julie,10
2022-04-21 08:21:33,2022-04-21 19:15:00,07c0e269b1824adf90e259b7cc9b6859,Aly,7
2022-04-21 11:48:38,2022-04-21 19:15:00,07c0e269b1824adf90e259b7cc9b6859,Aly,5
2022-04-21 12:13:17,2022-04-21 17:45:00,bdd150c8804a4849b8cf9c8e0c28f785,Julie,9
2022-04-21 12:37:57,2022-04-21 17:45:00,bdd150c8804a4849b8cf9c8e0c28f785,Julie,8
2022-04-21 13:43:19,2022-04-21 19:15:00,07c0e269b1824adf90e259b7cc9b6859,Aly,4
2022-04-21 14:39:10,2022-04-21 19:15:00,07c0e269b1824adf90e259b7cc9b6859,Aly,3
2022-04-21 15:17:57,2022-04-21 19:15:00,07c0e269b1824adf90e259b7cc9b6859,Aly,2
2022-04-21 15:40:52,2022-04-21 19:15:00,07c0e269b1824adf90e259b7cc9b6859,Aly,0
2022-04-25 11:51:08,2022-04-26 12:00:00,d3ab9dedb9d444f2af5c6848d5cd5bd3,Julie,20
2022-04-25 12:17:39,2022-04-26 12:00:00,d3ab9dedb9d444f2af5c6848d5cd5bd3,Julie,19
2022-04-25 18:43:00,2022-04-26 12:00:00,d3ab9dedb9d444f2af5c6848d5cd5bd3,Julie,18
2022-04-25 18:43:06,2022-04-26 17:45:00,3a9eec849bf149a7a4e4dcc6029dccc2,Alicia,19
2022-04-25 20:22:10,2022-04-26 17:45:00,3a9eec849bf149a7a4e4dcc6029dccc2,Alicia,17
2022-04-25 20:22:14,2022-04-26 19:30:00,7219cf17a8c240e6a0f55a91f1a2961f,Bryant,7
2022-04-25 21:03:40,2022-04-26 19:30:00,7219cf17a8c240e6a0f55a91f1a2961f,Bryant,6
2022-04-25 21:56:32,2022-04-26 19:30:00,7219cf17a8c240e6a0f55a91f1a2961f,Bryant,0
2022-04-25 22:21:51,2022-04-26 17:45:00,3a9eec849bf149a7a4e4dcc6029dccc2,Alicia,16
2022-04-25 22:21:54,2022-04-26 19:30:00,7219cf17a8c240e6a0f55a91f1a2961f,Bryant,1
2022-04-25 22:39:47,2022-04-26 12:00:00,d3ab9dedb9d444f2af5c6848d5cd5bd3,Julie,17
2022-04-25 22:39:55,2022-04-26 19:30:00,7219cf17a8c240e6a0f55a91f1a2961f,Bryant,0
2022-04-25 23:22:16,2022-04-26 12:00:00,d3ab9dedb9d444f2af5c6848d5cd5bd3,Julie,16
2022-04-26 00:22:26,2022-04-26 17:45:00,3a9eec849bf149a7a4e4dcc6029dccc2,Alicia,15
2022-04-26 01:27:45,2022-04-26 17:45:00,3a9eec849bf149a7a4e4dcc6029dccc2,Alicia,14
2022-04-26 06:37:29,2022-04-27 07:00:00,851a0a2125ef4b15b1fddd8b3b6720bf,Sarah,20
2022-04-26 07:20:21,2022-04-26 12:00:00,d3ab9dedb9d444f2af5c6848d5cd5bd3,Julie,15
2022-04-26 07:20:25,2022-04-26 17:45:00,3a9eec849bf149a7a4e4dcc6029dccc2,Alicia,12
2022-04-26 07:20:33,2022-04-27 07:00:00,851a0a2125ef4b15b1fddd8b3b6720bf,Sarah,18
2022-04-26 07:43:25,2022-04-26 12:00:00,d3ab9dedb9d444f2af5c6848d5cd5bd3,Julie,14
2022-04-26 08:19:31,2022-04-26 17:45:00,3a9eec849bf149a7a4e4dcc6029dccc2,Alicia,11
2022-04-26 08:19:42,2022-04-27 07:00:00,851a0a2125ef4b15b1fddd8b3b6720bf,Sarah,17
2022-04-26 10:05:31,2022-04-26 17:45:00,3a9eec849bf149a7a4e4dcc6029dccc2,Alicia,10
2022-04-26 10:48:53,2022-04-27 07:00:00,851a0a2125ef4b15b1fddd8b3b6720bf,Sarah,16
2022-04-26 12:37:45,2022-04-26 17:45:00,3a9eec849bf149a7a4e4dcc6029dccc2,Alicia,9
2022-04-26 13:24:22,2022-04-26 17:45:00,3a9eec849bf149a7a4e4dcc6029dccc2,Alicia,6
2022-04-26 14:16:43,2022-04-26 17:45:00,3a9eec849bf149a7a4e4dcc6029dccc2,Alicia,5
2022-04-26 14:39:52,2022-04-26 19:30:00,7219cf17a8c240e6a0f55a91f1a2961f,Bryant,1
2022-04-26 15:17:56,2022-04-26 19:30:00,7219cf17a8c240e6a0f55a91f1a2961f,Bryant,0
2022-04-26 15:17:59,2022-04-27 07:00:00,851a0a2125ef4b15b1fddd8b3b6720bf,Sarah,15
2022-04-26 15:40:42,2022-04-26 17:45:00,3a9eec849bf149a7a4e4dcc6029dccc2,Alicia,2
2022-04-26 16:18:28,2022-04-26 17:45:00,3a9eec849bf149a7a4e4dcc6029dccc2,Alicia,1
2022-04-26 18:47:09,2022-04-26 19:30:00,7219cf17a8c240e6a0f55a91f1a2961f,Bryant,1
2022-04-26 18:47:15,2022-04-27 19:15:00,7ca73904c3d9495bac3a94aa15f8c6df,Britany,20
2022-04-26 18:47:20,2022-04-27 17:45:00,9fe1cf2b9bd94d5db616ed53459cca8e,Laura,16
2022-04-26 20:44:20,2022-04-27 07:00:00,851a0a2125ef4b15b1fddd8b3b6720bf,Sarah,14
2022-04-26 20:44:25,2022-04-27 19:15:00,7ca73904c3d9495bac3a94aa15f8c6df,Britany,17
2022-04-26 20:44:29,2022-04-27 17:45:00,9fe1cf2b9bd94d5db616ed53459cca8e,Laura,15
2022-04-26 21:45:06,2022-04-27 19:15:00,7ca73904c3d9495bac3a94aa15f8c6df,Britany,12
2022-04-26 21:45:11,2022-04-27 17:45:00,9fe1cf2b9bd94d5db616ed53459cca8e,Laura,14
2022-04-26 22:27:48,2022-04-27 19:15:00,7ca73904c3d9495bac3a94aa15f8c6df,Britany,10
2022-04-26 22:47:02,2022-04-27 07:00:00,851a0a2125ef4b15b1fddd8b3b6720bf,Sarah,13
2022-04-26 23:24:01,2022-04-27 07:00:00,851a0a2125ef4b15b1fddd8b3b6720bf,Sarah,12
2022-04-26 23:24:07,2022-04-27 19:15:00,7ca73904c3d9495bac3a94aa15f8c6df,Britany,9
2022-04-26 23:49:14,2022-04-27 07:00:00,851a0a2125ef4b15b1fddd8b3b6720bf,Sarah,13
2022-04-26 23:49:16,2022-04-27 19:15:00,7ca73904c3d9495bac3a94aa15f8c6df,Britany,8
2022-04-27 00:22:27,2022-04-27 07:00:00,851a0a2125ef4b15b1fddd8b3b6720bf,Sarah,12
2022-04-27 00:22:32,2022-04-27 19:15:00,7ca73904c3d9495bac3a94aa15f8c6df,Britany,7
2022-04-27 12:14:24,2022-04-27 19:15:00,7ca73904c3d9495bac3a94aa15f8c6df,Britany,5
2022-04-27 13:20:50,2022-04-27 17:45:00,9fe1cf2b9bd94d5db616ed53459cca8e,Laura,13
2022-04-27 14:20:30,2022-04-27 19:15:00,7ca73904c3d9495bac3a94aa15f8c6df,Britany,4
2022-04-27 19:07:42,2022-04-27 19:15:00,7ca73904c3d9495bac3a94aa15f8c6df,Britany,0
2022-04-27 19:07:47,2022-04-28 17:45:00,bdd150c8804a4849b8cf9c8e0c28f785,Julie,18
2022-04-27 19:07:51,2022-04-28 19:15:00,07c0e269b1824adf90e259b7cc9b6859,Aly,21
2022-04-28 07:19:41,2022-04-28 19:15:00,07c0e269b1824adf90e259b7cc9b6859,Aly,18
2022-04-28 08:20:43,2022-04-28 19:15:00,07c0e269b1824adf90e259b7cc9b6859,Aly,16
2022-04-28 09:28:23,2022-04-28 17:45:00,bdd150c8804a4849b8cf9c8e0c28f785,Julie,16
2022-04-28 10:00:25,2022-04-28 19:15:00,07c0e269b1824adf90e259b7cc9b6859,Aly,15
2022-04-28 10:42:37,2022-04-28 19:15:00,07c0e269b1824adf90e259b7cc9b6859,Aly,13
2022-04-28 11:28:26,2022-04-28 17:45:00,bdd150c8804a4849b8cf9c8e0c28f785,Julie,14
2022-04-28 11:52:31,2022-04-28 19:15:00,07c0e269b1824adf90e259b7cc9b6859,Aly,11
2022-04-28 12:15:17,2022-04-28 19:15:00,07c0e269b1824adf90e259b7cc9b6859,Aly,9
2022-04-28 12:36:38,2022-04-28 19:15:00,07c0e269b1824adf90e259b7cc9b6859,Aly,7
2022-04-28 13:23:27,2022-04-28 19:15:00,07c0e269b1824adf90e259b7cc9b6859,Aly,5
2022-04-28 13:41:34,2022-04-28 19:15:00,07c0e269b1824adf90e259b7cc9b6859,Aly,4
2022-04-28 14:16:44,2022-04-28 17:45:00,bdd150c8804a4849b8cf9c8e0c28f785,Julie,13
2022-04-28 14:16:49,2022-04-28 19:15:00,07c0e269b1824adf90e259b7cc9b6859,Aly,3
2022-04-28 14:39:28,2022-04-28 17:45:00,bdd150c8804a4849b8cf9c8e0c28f785,Julie,12
2022-04-28 14:39:34,2022-04-28 19:15:00,07c0e269b1824adf90e259b7cc9b6859,Aly,0
2022-04-28 15:18:00,2022-04-28 17:45:00,bdd150c8804a4849b8cf9c8e0c28f785,Julie,7
2022-05-02 11:51:20,2022-05-03 12:00:00,d3ab9dedb9d444f2af5c6848d5cd5bd3,Julie,20
2022-05-02 12:18:29,2022-05-03 12:00:00,d3ab9dedb9d444f2af5c6848d5cd5bd3,Julie,18
2022-05-02 18:47:29,2022-05-03 17:45:00,3a9eec849bf149a7a4e4dcc6029dccc2,Alicia,18
2022-05-02 20:24:45,2022-05-03 17:45:00,3a9eec849bf149a7a4e4dcc6029dccc2,Alicia,11
2022-05-02 20:24:49,2022-05-03 19:30:00,7219cf17a8c240e6a0f55a91f1a2961f,Bryant,5
2022-05-02 21:06:24,2022-05-03 17:45:00,3a9eec849bf149a7a4e4dcc6029dccc2,Alicia,9
2022-05-02 21:06:29,2022-05-03 19:30:00,7219cf17a8c240e6a0f55a91f1a2961f,Bryant,4
2022-05-02 21:57:59,2022-05-03 12:00:00,d3ab9dedb9d444f2af5c6848d5cd5bd3,Julie,16
2022-05-02 21:58:02,2022-05-03 17:45:00,3a9eec849bf149a7a4e4dcc6029dccc2,Alicia,8
2022-05-02 21:58:08,2022-05-03 19:30:00,7219cf17a8c240e6a0f55a91f1a2961f,Bryant,3
2022-05-02 22:25:37,2022-05-03 17:45:00,3a9eec849bf149a7a4e4dcc6029dccc2,Alicia,6
2022-05-02 22:25:42,2022-05-03 19:30:00,7219cf17a8c240e6a0f55a91f1a2961f,Bryant,0
2022-05-02 23:22:48,2022-05-03 17:45:00,3a9eec849bf149a7a4e4dcc6029dccc2,Alicia,4
2022-05-03 01:22:41,2022-05-03 12:00:00,d3ab9dedb9d444f2af5c6848d5cd5bd3,Julie,15
2022-05-03 03:45:39,2022-05-03 17:45:00,3a9eec849bf149a7a4e4dcc6029dccc2,Alicia,3
2022-05-03 06:38:06,2022-05-03 12:00:00,d3ab9dedb9d444f2af5c6848d5cd5bd3,Julie,14
2022-05-03 06:38:12,2022-05-04 07:00:00,851a0a2125ef4b15b1fddd8b3b6720bf,Sarah,20
2022-05-03 07:16:04,2022-05-04 07:00:00,851a0a2125ef4b15b1fddd8b3b6720bf,Sarah,18
2022-05-03 08:20:03,2022-05-03 12:00:00,d3ab9dedb9d444f2af5c6848d5cd5bd3,Julie,13
2022-05-03 08:20:07,2022-05-03 17:45:00,3a9eec849bf149a7a4e4dcc6029dccc2,Alicia,1
2022-05-03 08:20:13,2022-05-03 19:30:00,7219cf17a8c240e6a0f55a91f1a2961f,Bryant,1
2022-05-03 08:20:18,2022-05-04 07:00:00,851a0a2125ef4b15b1fddd8b3b6720bf,Sarah,17
2022-05-03 08:44:46,2022-05-03 17:45:00,3a9eec849bf149a7a4e4dcc6029dccc2,Alicia,0
2022-05-03 08:44:50,2022-05-03 19:30:00,7219cf17a8c240e6a0f55a91f1a2961f,Bryant,0
2022-05-03 08:44:52,2022-05-04 07:00:00,851a0a2125ef4b15b1fddd8b3b6720bf,Sarah,18
2022-05-03 09:30:02,2022-05-03 12:00:00,d3ab9dedb9d444f2af5c6848d5cd5bd3,Julie,11
2022-05-03 09:30:13,2022-05-04 07:00:00,851a0a2125ef4b15b1fddd8b3b6720bf,Sarah,17
2022-05-03 10:10:43,2022-05-04 07:00:00,851a0a2125ef4b15b1fddd8b3b6720bf,Sarah,15
2022-05-03 10:53:27,2022-05-03 12:00:00,d3ab9dedb9d444f2af5c6848d5cd5bd3,Julie,9
2022-05-03 11:26:35,2022-05-04 07:00:00,851a0a2125ef4b15b1fddd8b3b6720bf,Sarah,13
2022-05-03 11:51:00,2022-05-03 12:00:00,d3ab9dedb9d444f2af5c6848d5cd5bd3,Julie,7
2022-05-03 12:17:48,2022-05-04 07:00:00,851a0a2125ef4b15b1fddd8b3b6720bf,Sarah,12
2022-05-03 13:41:29,2022-05-04 07:00:00,851a0a2125ef4b15b1fddd8b3b6720bf,Sarah,11
2022-05-03 15:41:09,2022-05-03 17:45:00,3a9eec849bf149a7a4e4dcc6029dccc2,Alicia,1
2022-05-03 16:16:44,2022-05-03 19:30:00,7219cf17a8c240e6a0f55a91f1a2961f,Bryant,2
2022-05-03 18:44:13,2022-05-03 19:30:00,7219cf17a8c240e6a0f55a91f1a2961f,Bryant,5
2022-05-03 18:44:20,2022-05-04 17:45:00,9fe1cf2b9bd94d5db616ed53459cca8e,Laura,17
2022-05-03 20:25:30,2022-05-04 19:15:00,7ca73904c3d9495bac3a94aa15f8c6df,Britany,14
2022-05-03 20:25:36,2022-05-04 17:45:00,9fe1cf2b9bd94d5db616ed53459cca8e,Laura,16
2022-05-03 21:05:37,2022-05-04 07:00:00,851a0a2125ef4b15b1fddd8b3b6720bf,Sarah,10
2022-05-03 21:05:41,2022-05-04 19:15:00,7ca73904c3d9495bac3a94aa15f8c6df,Britany,12
2022-05-03 21:57:10,2022-05-04 07:00:00,851a0a2125ef4b15b1fddd8b3b6720bf,Sarah,9
2022-05-03 21:57:15,2022-05-04 19:15:00,7ca73904c3d9495bac3a94aa15f8c6df,Britany,11
2022-05-03 22:24:24,2022-05-04 19:15:00,7ca73904c3d9495bac3a94aa15f8c6df,Britany,10
2022-05-03 22:40:52,2022-05-04 07:00:00,851a0a2125ef4b15b1fddd8b3b6720bf,Sarah,8
2022-05-03 23:24:18,2022-05-04 07:00:00,851a0a2125ef4b15b1fddd8b3b6720bf,Sarah,7
2022-05-03 23:24:20,2022-05-04 19:15:00,7ca73904c3d9495bac3a94aa15f8c6df,Britany,9
2022-05-04 00:17:28,2022-05-04 07:00:00,851a0a2125ef4b15b1fddd8b3b6720bf,Sarah,6
2022-05-04 02:42:26,2022-05-04 19:15:00,7ca73904c3d9495bac3a94aa15f8c6df,Britany,8
2022-05-04 08:44:55,2022-05-04 19:15:00,7ca73904c3d9495bac3a94aa15f8c6df,Britany,7
2022-05-04 09:32:14,2022-05-04 19:15:00,7ca73904c3d9495bac3a94aa15f8c6df,Britany,5
2022-05-04 10:07:13,2022-05-04 19:15:00,7ca73904c3d9495bac3a94aa15f8c6df,Britany,4
2022-05-04 10:47:29,2022-05-04 19:15:00,7ca73904c3d9495bac3a94aa15f8c6df,Britany,3
2022-05-04 11:46:57,2022-05-04 19:15:00,7ca73904c3d9495bac3a94aa15f8c6df,Britany,2
2022-05-04 12:15:08,2022-05-04 19:15:00,7ca73904c3d9495bac3a94aa15f8c6df,Britany,1
2022-05-04 12:15:12,2022-05-04 17:45:00,9fe1cf2b9bd94d5db616ed53459cca8e,Laura,15
2022-05-04 13:40:36,2022-05-04 17:45:00,9fe1cf2b9bd94d5db616ed53459cca8e,Laura,14
2022-05-04 14:17:32,2022-05-04 17:45:00,9fe1cf2b9bd94d5db616ed53459cca8e,Laura,12
2022-05-04 16:18:44,2022-05-04 17:45:00,9fe1cf2b9bd94d5db616ed53459cca8e,Laura,13
2022-05-04 16:40:58,2022-05-04 19:15:00,7ca73904c3d9495bac3a94aa15f8c6df,Britany,0
2022-05-04 18:40:40,2022-05-05 17:45:00,bdd150c8804a4849b8cf9c8e0c28f785,Julie,18
2022-05-04 20:23:00,2022-05-05 17:45:00,bdd150c8804a4849b8cf9c8e0c28f785,Julie,16
2022-05-04 20:23:02,2022-05-05 19:15:00,07c0e269b1824adf90e259b7cc9b6859,Aly,19
2022-05-04 21:08:08,2022-05-05 19:15:00,07c0e269b1824adf90e259b7cc9b6859,Aly,18
2022-05-04 22:41:52,2022-05-05 19:15:00,07c0e269b1824adf90e259b7cc9b6859,Aly,15
2022-05-04 23:23:43,2022-05-05 17:45:00,bdd150c8804a4849b8cf9c8e0c28f785,Julie,15
2022-05-05 00:18:11,2022-05-05 17:45:00,bdd150c8804a4849b8cf9c8e0c28f785,Julie,14
2022-05-05 06:36:05,2022-05-05 17:45:00,bdd150c8804a4849b8cf9c8e0c28f785,Julie,13
2022-05-05 08:42:51,2022-05-05 17:45:00,bdd150c8804a4849b8cf9c8e0c28f785,Julie,12
2022-05-05 09:26:59,2022-05-05 17:45:00,bdd150c8804a4849b8cf9c8e0c28f785,Julie,11
2022-05-05 10:01:52,2022-05-05 19:15:00,07c0e269b1824adf90e259b7cc9b6859,Aly,13
2022-05-05 10:44:31,2022-05-05 17:45:00,bdd150c8804a4849b8cf9c8e0c28f785,Julie,10
2022-05-05 10:44:34,2022-05-05 19:15:00,07c0e269b1824adf90e259b7cc9b6859,Aly,12
2022-05-05 11:22:02,2022-05-05 17:45:00,bdd150c8804a4849b8cf9c8e0c28f785,Julie,9
2022-05-05 11:22:08,2022-05-05 19:15:00,07c0e269b1824adf90e259b7cc9b6859,Aly,11
2022-05-05 11:46:34,2022-05-05 17:45:00,bdd150c8804a4849b8cf9c8e0c28f785,Julie,7
2022-05-05 12:15:05,2022-05-05 17:45:00,bdd150c8804a4849b8cf9c8e0c28f785,Julie,5
2022-05-05 13:19:36,2022-05-05 19:15:00,07c0e269b1824adf90e259b7cc9b6859,Aly,10
2022-05-05 14:16:28,2022-05-05 17:45:00,bdd150c8804a4849b8cf9c8e0c28f785,Julie,4
2022-05-05 15:19:10,2022-05-05 17:45:00,bdd150c8804a4849b8cf9c8e0c28f785,Julie,3
2022-05-05 15:42:04,2022-05-05 17:45:00,bdd150c8804a4849b8cf9c8e0c28f785,Julie,2
2022-05-05 16:18:45,2022-05-05 17:45:00,bdd150c8804a4849b8cf9c8e0c28f785,Julie,1
2022-05-05 16:18:50,2022-05-05 19:15:00,07c0e269b1824adf90e259b7cc9b6859,Aly,8
2022-05-05 18:47:24,2022-05-05 19:15:00,07c0e269b1824adf90e259b7cc9b6859,Aly,9
2022-05-09 11:46:31,2022-05-10 12:00:00,d3ab9dedb9d444f2af5c6848d5cd5bd3,Julie,20
2022-05-09 12:17:23,2022-05-10 12:00:00,d3ab9dedb9d444f2af5c6848d5cd5bd3,Julie,19
2022-05-09 12:36:46,2022-05-10 12:00:00,d3ab9dedb9d444f2af5c6848d5cd5bd3,Julie,18
2022-05-09 15:40:19,2022-05-10 12:00:00,d3ab9dedb9d444f2af5c6848d5cd5bd3,Julie,17
2022-05-09 16:16:10,2022-05-10 12:00:00,d3ab9dedb9d444f2af5c6848d5cd5bd3,Julie,16
2022-05-09 18:16:23,2022-05-10 12:00:00,d3ab9dedb9d444f2af5c6848d5cd5bd3,Julie,13
2022-05-09 18:16:28,2022-05-10 17:45:00,3a9eec849bf149a7a4e4dcc6029dccc2,Alicia,15
2022-05-09 19:38:52,2022-05-10 12:00:00,d3ab9dedb9d444f2af5c6848d5cd5bd3,Julie,12
2022-05-09 19:38:58,2022-05-10 17:45:00,3a9eec849bf149a7a4e4dcc6029dccc2,Alicia,12
2022-05-09 19:39:01,2022-05-10 19:30:00,7219cf17a8c240e6a0f55a91f1a2961f,Bryant,13
2022-05-09 20:27:34,2022-05-10 17:45:00,3a9eec849bf149a7a4e4dcc6029dccc2,Alicia,10
2022-05-09 20:27:35,2022-05-10 19:30:00,7219cf17a8c240e6a0f55a91f1a2961f,Bryant,12
2022-05-09 20:50:43,2022-05-10 19:30:00,7219cf17a8c240e6a0f55a91f1a2961f,Bryant,11
2022-05-09 21:23:42,2022-05-10 19:30:00,7219cf17a8c240e6a0f55a91f1a2961f,Bryant,10
2022-05-09 21:50:47,2022-05-10 17:45:00,3a9eec849bf149a7a4e4dcc6029dccc2,Alicia,8
2022-05-09 21:50:49,2022-05-10 19:30:00,7219cf17a8c240e6a0f55a91f1a2961f,Bryant,9
2022-05-09 22:17:34,2022-05-10 17:45:00,3a9eec849bf149a7a4e4dcc6029dccc2,Alicia,7
2022-05-09 22:17:37,2022-05-10 19:30:00,7219cf17a8c240e6a0f55a91f1a2961f,Bryant,7
2022-05-09 23:22:58,2022-05-10 17:45:00,3a9eec849bf149a7a4e4dcc6029dccc2,Alicia,6
2022-05-09 23:23:00,2022-05-10 19:30:00,7219cf17a8c240e6a0f55a91f1a2961f,Bryant,1
2022-05-09 23:49:12,2022-05-10 19:30:00,7219cf17a8c240e6a0f55a91f1a2961f,Bryant,0
2022-05-10 00:22:30,2022-05-10 12:00:00,d3ab9dedb9d444f2af5c6848d5cd5bd3,Julie,11
2022-05-10 06:46:56,2022-05-11 07:00:00,851a0a2125ef4b15b1fddd8b3b6720bf,Sarah,20
2022-05-10 07:25:14,2022-05-11 07:00:00,851a0a2125ef4b15b1fddd8b3b6720bf,Sarah,19
2022-05-10 07:42:17,2022-05-10 17:45:00,3a9eec849bf149a7a4e4dcc6029dccc2,Alicia,5
2022-05-10 09:30:07,2022-05-10 12:00:00,d3ab9dedb9d444f2af5c6848d5cd5bd3,Julie,10
2022-05-10 09:30:11,2022-05-10 17:45:00,3a9eec849bf149a7a4e4dcc6029dccc2,Alicia,4
2022-05-10 10:07:21,2022-05-10 17:45:00,3a9eec849bf149a7a4e4dcc6029dccc2,Alicia,3
2022-05-10 10:07:30,2022-05-11 07:00:00,851a0a2125ef4b15b1fddd8b3b6720bf,Sarah,18
2022-05-10 10:48:42,2022-05-10 12:00:00,d3ab9dedb9d444f2af5c6848d5cd5bd3,Julie,8
2022-05-10 11:27:40,2022-05-10 12:00:00,d3ab9dedb9d444f2af5c6848d5cd5bd3,Julie,6
2022-05-10 11:51:05,2022-05-10 12:00:00,d3ab9dedb9d444f2af5c6848d5cd5bd3,Julie,5
2022-05-10 12:16:09,2022-05-10 17:45:00,3a9eec849bf149a7a4e4dcc6029dccc2,Alicia,2
2022-05-10 12:39:17,2022-05-10 17:45:00,3a9eec849bf149a7a4e4dcc6029dccc2,Alicia,1
2022-05-10 13:25:52,2022-05-10 17:45:00,3a9eec849bf149a7a4e4dcc6029dccc2,Alicia,0
2022-05-10 14:18:54,2022-05-11 07:00:00,851a0a2125ef4b15b1fddd8b3b6720bf,Sarah,17
2022-05-10 14:40:17,2022-05-11 07:00:00,851a0a2125ef4b15b1fddd8b3b6720bf,Sarah,16
2022-05-10 15:41:13,2022-05-10 17:45:00,3a9eec849bf149a7a4e4dcc6029dccc2,Alicia,1
2022-05-10 18:48:06,2022-05-10 19:30:00,7219cf17a8c240e6a0f55a91f1a2961f,Bryant,1
2022-05-10 18:48:10,2022-05-11 07:00:00,851a0a2125ef4b15b1fddd8b3b6720bf,Sarah,14
2022-05-10 18:48:14,2022-05-11 19:15:00,7ca73904c3d9495bac3a94aa15f8c6df,Britany,20
2022-05-10 18:48:15,2022-05-11 17:45:00,9fe1cf2b9bd94d5db616ed53459cca8e,Laura,18
2022-05-10 20:21:36,2022-05-11 07:00:00,851a0a2125ef4b15b1fddd8b3b6720bf,Sarah,12
2022-05-10 20:21:41,2022-05-11 19:15:00,7ca73904c3d9495bac3a94aa15f8c6df,Britany,12
2022-05-10 21:07:28,2022-05-11 07:00:00,851a0a2125ef4b15b1fddd8b3b6720bf,Sarah,11
2022-05-10 21:07:29,2022-05-11 19:15:00,7ca73904c3d9495bac3a94aa15f8c6df,Britany,10
2022-05-10 21:07:34,2022-05-11 17:45:00,9fe1cf2b9bd94d5db616ed53459cca8e,Laura,17
2022-05-10 22:05:47,2022-05-11 19:15:00,7ca73904c3d9495bac3a94aa15f8c6df,Britany,9
2022-05-10 22:46:15,2022-05-11 07:00:00,851a0a2125ef4b15b1fddd8b3b6720bf,Sarah,10
2022-05-10 22:46:17,2022-05-11 19:15:00,7ca73904c3d9495bac3a94aa15f8c6df,Britany,8
2022-05-10 23:26:44,2022-05-11 07:00:00,851a0a2125ef4b15b1fddd8b3b6720bf,Sarah,9
2022-05-10 23:26:47,2022-05-11 19:15:00,7ca73904c3d9495bac3a94aa15f8c6df,Britany,7
2022-05-10 23:54:26,2022-05-11 17:45:00,9fe1cf2b9bd94d5db616ed53459cca8e,Laura,16
2022-05-11 01:30:30,2022-05-11 17:45:00,9fe1cf2b9bd94d5db616ed53459cca8e,Laura,15
2022-05-11 07:17:36,2022-05-11 19:15:00,7ca73904c3d9495bac3a94aa15f8c6df,Britany,6
2022-05-11 07:40:06,2022-05-11 19:15:00,7ca73904c3d9495bac3a94aa15f8c6df,Britany,4
2022-05-11 08:20:02,2022-05-11 19:15:00,7ca73904c3d9495bac3a94aa15f8c6df,Britany,3
2022-05-11 10:54:21,2022-05-11 17:45:00,9fe1cf2b9bd94d5db616ed53459cca8e,Laura,14
2022-05-11 18:45:07,2022-05-11 19:15:00,7ca73904c3d9495bac3a94aa15f8c6df,Britany,2
2022-05-11 18:45:09,2022-05-12 17:45:00,bdd150c8804a4849b8cf9c8e0c28f785,Julie,16
2022-05-11 18:45:11,2022-05-12 19:15:00,07c0e269b1824adf90e259b7cc9b6859,Aly,21
2022-05-11 20:14:32,2022-05-12 17:45:00,bdd150c8804a4849b8cf9c8e0c28f785,Julie,15
2022-05-11 20:58:23,2022-05-12 19:15:00,07c0e269b1824adf90e259b7cc9b6859,Aly,20
2022-05-11 21:39:41,2022-05-12 17:45:00,bdd150c8804a4849b8cf9c8e0c28f785,Julie,14
2022-05-11 22:24:29,2022-05-12 17:45:00,bdd150c8804a4849b8cf9c8e0c28f785,Julie,13
2022-05-11 22:24:30,2022-05-12 19:15:00,07c0e269b1824adf90e259b7cc9b6859,Aly,19
2022-05-11 22:45:16,2022-05-12 19:15:00,07c0e269b1824adf90e259b7cc9b6859,Aly,18
2022-05-12 00:22:03,2022-05-12 17:45:00,bdd150c8804a4849b8cf9c8e0c28f785,Julie,12
2022-05-12 09:32:58,2022-05-12 17:45:00,bdd150c8804a4849b8cf9c8e0c28f785,Julie,11
2022-05-12 09:33:01,2022-05-12 19:15:00,07c0e269b1824adf90e259b7cc9b6859,Aly,17
2022-05-12 11:25:21,2022-05-12 17:45:00,bdd150c8804a4849b8cf9c8e0c28f785,Julie,10
2022-05-12 11:50:19,2022-05-12 17:45:00,bdd150c8804a4849b8cf9c8e0c28f785,Julie,9
2022-05-12 11:50:23,2022-05-12 19:15:00,07c0e269b1824adf90e259b7cc9b6859,Aly,16
2022-05-12 13:20:29,2022-05-12 17:45:00,bdd150c8804a4849b8cf9c8e0c28f785,Julie,8
2022-05-12 14:15:29,2022-05-12 17:45:00,bdd150c8804a4849b8cf9c8e0c28f785,Julie,7
2022-05-12 14:39:32,2022-05-12 19:15:00,07c0e269b1824adf90e259b7cc9b6859,Aly,15
2022-05-12 15:42:48,2022-05-12 19:15:00,07c0e269b1824adf90e259b7cc9b6859,Aly,14
2022-05-12 16:19:33,2022-05-12 17:45:00,bdd150c8804a4849b8cf9c8e0c28f785,Julie,6
2022-05-12 16:42:30,2022-05-12 19:15:00,07c0e269b1824adf90e259b7cc9b6859,Aly,13
2022-05-12 19:05:30,2022-05-12 19:15:00,07c0e269b1824adf90e259b7cc9b6859,Aly,11
2022-05-16 11:48:13,2022-05-17 12:00:00,d3ab9dedb9d444f2af5c6848d5cd5bd3,Julie,20
2022-05-16 13:19:10,2022-05-17 12:00:00,d3ab9dedb9d444f2af5c6848d5cd5bd3,Julie,19
2022-05-16 16:16:52,2022-05-17 12:00:00,d3ab9dedb9d444f2af5c6848d5cd5bd3,Julie,18
2022-05-16 18:37:48,2022-05-17 17:45:00,3a9eec849bf149a7a4e4dcc6029dccc2,Alicia,17
2022-05-16 20:25:44,2022-05-17 17:45:00,3a9eec849bf149a7a4e4dcc6029dccc2,Alicia,14
2022-05-16 20:25:47,2022-05-17 19:30:00,7219cf17a8c240e6a0f55a91f1a2961f,Bryant,10
2022-05-16 21:07:53,2022-05-17 17:45:00,3a9eec849bf149a7a4e4dcc6029dccc2,Alicia,13
2022-05-16 21:07:56,2022-05-17 19:30:00,7219cf17a8c240e6a0f55a91f1a2961f,Bryant,8
2022-05-16 21:59:42,2022-05-17 17:45:00,3a9eec849bf149a7a4e4dcc6029dccc2,Alicia,12
2022-05-16 21:59:45,2022-05-17 19:30:00,7219cf17a8c240e6a0f55a91f1a2961f,Bryant,7
2022-05-16 22:28:24,2022-05-17 19:30:00,7219cf17a8c240e6a0f55a91f1a2961f,Bryant,4
2022-05-16 23:23:50,2022-05-17 12:00:00,d3ab9dedb9d444f2af5c6848d5cd5bd3,Julie,17
2022-05-16 23:23:56,2022-05-17 19:30:00,7219cf17a8c240e6a0f55a91f1a2961f,Bryant,1
2022-05-17 01:24:28,2022-05-17 17:45:00,3a9eec849bf149a7a4e4dcc6029dccc2,Alicia,11
2022-05-17 01:47:00,2022-05-17 19:30:00,7219cf17a8c240e6a0f55a91f1a2961f,Bryant,0
2022-05-17 06:36:45,2022-05-17 17:45:00,3a9eec849bf149a7a4e4dcc6029dccc2,Alicia,10
2022-05-17 06:36:52,2022-05-18 07:00:00,851a0a2125ef4b15b1fddd8b3b6720bf,Sarah,20
2022-05-17 08:21:51,2022-05-18 07:00:00,851a0a2125ef4b15b1fddd8b3b6720bf,Sarah,18
2022-05-17 09:30:22,2022-05-17 12:00:00,d3ab9dedb9d444f2af5c6848d5cd5bd3,Julie,16
2022-05-17 09:30:25,2022-05-17 17:45:00,3a9eec849bf149a7a4e4dcc6029dccc2,Alicia,8
2022-05-17 09:30:34,2022-05-18 07:00:00,851a0a2125ef4b15b1fddd8b3b6720bf,Sarah,17
2022-05-17 10:24:07,2022-05-17 12:00:00,d3ab9dedb9d444f2af5c6848d5cd5bd3,Julie,14
2022-05-17 10:45:03,2022-05-17 12:00:00,d3ab9dedb9d444f2af5c6848d5cd5bd3,Julie,13
2022-05-17 11:23:15,2022-05-17 12:00:00,d3ab9dedb9d444f2af5c6848d5cd5bd3,Julie,12
2022-05-17 12:36:31,2022-05-17 17:45:00,3a9eec849bf149a7a4e4dcc6029dccc2,Alicia,6
2022-05-17 13:41:39,2022-05-18 07:00:00,851a0a2125ef4b15b1fddd8b3b6720bf,Sarah,15
2022-05-17 14:13:50,2022-05-17 17:45:00,3a9eec849bf149a7a4e4dcc6029dccc2,Alicia,4
2022-05-17 14:13:58,2022-05-18 07:00:00,851a0a2125ef4b15b1fddd8b3b6720bf,Sarah,14
2022-05-17 14:40:12,2022-05-18 07:00:00,851a0a2125ef4b15b1fddd8b3b6720bf,Sarah,13
2022-05-17 15:19:15,2022-05-17 17:45:00,3a9eec849bf149a7a4e4dcc6029dccc2,Alicia,3
2022-05-17 16:18:33,2022-05-17 19:30:00,7219cf17a8c240e6a0f55a91f1a2961f,Bryant,1
2022-05-17 16:18:36,2022-05-18 07:00:00,851a0a2125ef4b15b1fddd8b3b6720bf,Sarah,12
2022-05-17 16:41:25,2022-05-17 17:45:00,3a9eec849bf149a7a4e4dcc6029dccc2,Alicia,4
2022-05-17 18:21:57,2022-05-17 19:30:00,7219cf17a8c240e6a0f55a91f1a2961f,Bryant,0
2022-05-17 18:22:01,2022-05-18 07:00:00,851a0a2125ef4b15b1fddd8b3b6720bf,Sarah,10
2022-05-17 18:22:03,2022-05-18 17:45:00,9fe1cf2b9bd94d5db616ed53459cca8e,Laura,18
2022-05-17 20:07:54,2022-05-18 19:15:00,7ca73904c3d9495bac3a94aa15f8c6df,Britany,16
2022-05-17 21:03:55,2022-05-18 19:15:00,7ca73904c3d9495bac3a94aa15f8c6df,Britany,12
2022-05-17 21:03:56,2022-05-18 17:45:00,9fe1cf2b9bd94d5db616ed53459cca8e,Laura,17
2022-05-17 21:57:40,2022-05-18 19:15:00,7ca73904c3d9495bac3a94aa15f8c6df,Britany,9
2022-05-17 22:26:52,2022-05-18 07:00:00,851a0a2125ef4b15b1fddd8b3b6720bf,Sarah,9
2022-05-17 22:43:28,2022-05-18 19:15:00,7ca73904c3d9495bac3a94aa15f8c6df,Britany,8
2022-05-17 23:24:08,2022-05-18 19:15:00,7ca73904c3d9495bac3a94aa15f8c6df,Britany,6
2022-05-17 23:24:09,2022-05-18 17:45:00,9fe1cf2b9bd94d5db616ed53459cca8e,Laura,16
2022-05-18 06:40:57,2022-05-18 07:00:00,851a0a2125ef4b15b1fddd8b3b6720bf,Sarah,7
2022-05-18 09:28:24,2022-05-18 17:45:00,9fe1cf2b9bd94d5db616ed53459cca8e,Laura,15
2022-05-18 10:45:07,2022-05-18 19:15:00,7ca73904c3d9495bac3a94aa15f8c6df,Britany,3
2022-05-18 10:45:09,2022-05-18 17:45:00,9fe1cf2b9bd94d5db616ed53459cca8e,Laura,14
2022-05-18 11:22:23,2022-05-18 19:15:00,7ca73904c3d9495bac3a94aa15f8c6df,Britany,2
2022-05-18 11:47:37,2022-05-18 17:45:00,9fe1cf2b9bd94d5db616ed53459cca8e,Laura,13
2022-05-18 12:15:25,2022-05-18 17:45:00,9fe1cf2b9bd94d5db616ed53459cca8e,Laura,12
2022-05-18 13:19:35,2022-05-18 19:15:00,7ca73904c3d9495bac3a94aa15f8c6df,Britany,1
2022-05-18 13:41:02,2022-05-18 17:45:00,9fe1cf2b9bd94d5db616ed53459cca8e,Laura,9
2022-05-18 15:18:27,2022-05-18 19:15:00,7ca73904c3d9495bac3a94aa15f8c6df,Britany,0
2022-05-18 15:18:31,2022-05-18 17:45:00,9fe1cf2b9bd94d5db616ed53459cca8e,Laura,8
2022-05-18 16:18:19,2022-05-18 17:45:00,9fe1cf2b9bd94d5db616ed53459cca8e,Laura,7
2022-05-18 18:48:24,2022-05-19 17:45:00,bdd150c8804a4849b8cf9c8e0c28f785,Julie,18
2022-05-18 18:48:25,2022-05-19 19:15:00,07c0e269b1824adf90e259b7cc9b6859,Aly,21
2022-05-18 20:26:24,2022-05-19 17:45:00,bdd150c8804a4849b8cf9c8e0c28f785,Julie,16
2022-05-18 20:26:29,2022-05-19 19:15:00,07c0e269b1824adf90e259b7cc9b6859,Aly,19
2022-05-18 21:08:00,2022-05-19 17:45:00,bdd150c8804a4849b8cf9c8e0c28f785,Julie,14
2022-05-18 21:08:02,2022-05-19 19:15:00,07c0e269b1824adf90e259b7cc9b6859,Aly,17
2022-05-18 21:59:58,2022-05-19 19:15:00,07c0e269b1824adf90e259b7cc9b6859,Aly,16
2022-05-18 22:28:47,2022-05-19 17:45:00,bdd150c8804a4849b8cf9c8e0c28f785,Julie,13
2022-05-18 22:28:51,2022-05-19 19:15:00,07c0e269b1824adf90e259b7cc9b6859,Aly,15
2022-05-18 23:51:17,2022-05-19 19:15:00,07c0e269b1824adf90e259b7cc9b6859,Aly,13
2022-05-19 01:24:16,2022-05-19 19:15:00,07c0e269b1824adf90e259b7cc9b6859,Aly,12
2022-05-19 09:06:28,2022-05-19 19:15:00,07c0e269b1824adf90e259b7cc9b6859,Aly,11
2022-05-19 10:29:22,2022-05-19 17:45:00,bdd150c8804a4849b8cf9c8e0c28f785,Julie,11
2022-05-19 10:29:24,2022-05-19 19:15:00,07c0e269b1824adf90e259b7cc9b6859,Aly,10
2022-05-19 11:03:54,2022-05-19 19:15:00,07c0e269b1824adf90e259b7cc9b6859,Aly,9
2022-05-19 13:19:44,2022-05-19 17:45:00,bdd150c8804a4849b8cf9c8e0c28f785,Julie,10
2022-05-19 13:41:23,2022-05-19 19:15:00,07c0e269b1824adf90e259b7cc9b6859,Aly,8
2022-05-19 14:17:11,2022-05-19 17:45:00,bdd150c8804a4849b8cf9c8e0c28f785,Julie,9
2022-05-19 15:17:00,2022-05-19 17:45:00,bdd150c8804a4849b8cf9c8e0c28f785,Julie,8
2022-05-19 18:55:14,2022-05-19 19:15:00,07c0e269b1824adf90e259b7cc9b6859,Aly,4
2022-05-23 11:47:56,2022-05-24 12:00:00,d3ab9dedb9d444f2af5c6848d5cd5bd3,Julie,20
2022-05-23 14:14:52,2022-05-24 12:00:00,d3ab9dedb9d444f2af5c6848d5cd5bd3,Julie,19
2022-05-23 16:40:20,2022-05-24 12:00:00,d3ab9dedb9d444f2af5c6848d5cd5bd3,Julie,18
2022-05-23 18:44:26,2022-05-24 17:45:00,3a9eec849bf149a7a4e4dcc6029dccc2,Alicia,20
2022-05-23 20:24:37,2022-05-24 17:45:00,3a9eec849bf149a7a4e4dcc6029dccc2,Alicia,19
2022-05-23 20:24:42,2022-05-24 19:30:00,7219cf17a8c240e6a0f55a91f1a2961f,Bryant,8
2022-05-23 21:07:03,2022-05-24 12:00:00,d3ab9dedb9d444f2af5c6848d5cd5bd3,Julie,17
2022-05-23 21:07:04,2022-05-24 17:45:00,3a9eec849bf149a7a4e4dcc6029dccc2,Alicia,18
2022-05-23 21:07:07,2022-05-24 19:30:00,7219cf17a8c240e6a0f55a91f1a2961f,Bryant,6
2022-05-23 22:00:43,2022-05-24 17:45:00,3a9eec849bf149a7a4e4dcc6029dccc2,Alicia,17
2022-05-23 22:00:46,2022-05-24 19:30:00,7219cf17a8c240e6a0f55a91f1a2961f,Bryant,4
2022-05-23 22:42:49,2022-05-24 19:30:00,7219cf17a8c240e6a0f55a91f1a2961f,Bryant,3
2022-05-23 23:49:55,2022-05-24 19:30:00,7219cf17a8c240e6a0f55a91f1a2961f,Bryant,2
2022-05-24 01:24:09,2022-05-24 19:30:00,7219cf17a8c240e6a0f55a91f1a2961f,Bryant,1
2022-05-24 06:38:42,2022-05-24 19:30:00,7219cf17a8c240e6a0f55a91f1a2961f,Bryant,2
2022-05-24 06:38:46,2022-05-25 07:00:00,851a0a2125ef4b15b1fddd8b3b6720bf,Sarah,20
2022-05-24 07:18:07,2022-05-25 07:00:00,851a0a2125ef4b15b1fddd8b3b6720bf,Sarah,17
2022-05-24 08:19:48,2022-05-24 12:00:00,d3ab9dedb9d444f2af5c6848d5cd5bd3,Julie,15
2022-05-24 08:19:57,2022-05-24 19:30:00,7219cf17a8c240e6a0f55a91f1a2961f,Bryant,0
2022-05-24 08:19:59,2022-05-25 07:00:00,851a0a2125ef4b15b1fddd8b3b6720bf,Sarah,14
2022-05-24 08:44:57,2022-05-24 12:00:00,d3ab9dedb9d444f2af5c6848d5cd5bd3,Julie,14
2022-05-24 09:28:24,2022-05-24 12:00:00,d3ab9dedb9d444f2af5c6848d5cd5bd3,Julie,13
2022-05-24 09:28:29,2022-05-24 17:45:00,3a9eec849bf149a7a4e4dcc6029dccc2,Alicia,16
2022-05-24 10:46:35,2022-05-25 07:00:00,851a0a2125ef4b15b1fddd8b3b6720bf,Sarah,13
2022-05-24 11:24:22,2022-05-24 12:00:00,d3ab9dedb9d444f2af5c6848d5cd5bd3,Julie,10
2022-05-24 12:37:10,2022-05-24 17:45:00,3a9eec849bf149a7a4e4dcc6029dccc2,Alicia,15
2022-05-24 13:21:21,2022-05-25 07:00:00,851a0a2125ef4b15b1fddd8b3b6720bf,Sarah,12
2022-05-24 16:40:44,2022-05-25 07:00:00,851a0a2125ef4b15b1fddd8b3b6720bf,Sarah,10
2022-05-24 18:44:15,2022-05-25 17:45:00,9fe1cf2b9bd94d5db616ed53459cca8e,Laura,17
2022-05-24 20:20:30,2022-05-25 07:00:00,851a0a2125ef4b15b1fddd8b3b6720bf,Sarah,9
2022-05-24 20:20:33,2022-05-25 19:15:00,7ca73904c3d9495bac3a94aa15f8c6df,Britany,17
2022-05-24 21:03:12,2022-05-25 07:00:00,851a0a2125ef4b15b1fddd8b3b6720bf,Sarah,7
2022-05-24 21:03:15,2022-05-25 19:15:00,7ca73904c3d9495bac3a94aa15f8c6df,Britany,15
2022-05-24 21:03:18,2022-05-25 17:45:00,9fe1cf2b9bd94d5db616ed53459cca8e,Laura,16
2022-05-24 21:57:58,2022-05-25 19:15:00,7ca73904c3d9495bac3a94aa15f8c6df,Britany,14
2022-05-24 21:58:00,2022-05-25 17:45:00,9fe1cf2b9bd94d5db616ed53459cca8e,Laura,15
2022-05-24 22:26:38,2022-05-25 07:00:00,851a0a2125ef4b15b1fddd8b3b6720bf,Sarah,6
2022-05-24 22:26:44,2022-05-25 19:15:00,7ca73904c3d9495bac3a94aa15f8c6df,Britany,13
2022-05-24 22:43:06,2022-05-25 19:15:00,7ca73904c3d9495bac3a94aa15f8c6df,Britany,12
2022-05-24 23:23:54,2022-05-25 19:15:00,7ca73904c3d9495bac3a94aa15f8c6df,Britany,11
2022-05-24 23:50:19,2022-05-25 07:00:00,851a0a2125ef4b15b1fddd8b3b6720bf,Sarah,5
2022-05-25 06:40:54,2022-05-25 07:00:00,851a0a2125ef4b15b1fddd8b3b6720bf,Sarah,4
2022-05-25 08:20:42,2022-05-25 19:15:00,7ca73904c3d9495bac3a94aa15f8c6df,Britany,10
2022-05-25 08:45:45,2022-05-25 19:15:00,7ca73904c3d9495bac3a94aa15f8c6df,Britany,8
2022-05-25 08:45:48,2022-05-25 17:45:00,9fe1cf2b9bd94d5db616ed53459cca8e,Laura,16
2022-05-25 09:29:01,2022-05-25 17:45:00,9fe1cf2b9bd94d5db616ed53459cca8e,Laura,15
2022-05-25 11:22:59,2022-05-25 19:15:00,7ca73904c3d9495bac3a94aa15f8c6df,Britany,7
2022-05-25 11:23:00,2022-05-25 17:45:00,9fe1cf2b9bd94d5db616ed53459cca8e,Laura,13
2022-05-25 13:19:52,2022-05-25 17:45:00,9fe1cf2b9bd94d5db616ed53459cca8e,Laura,12
2022-05-25 14:16:51,2022-05-25 19:15:00,7ca73904c3d9495bac3a94aa15f8c6df,Britany,6
2022-05-25 14:40:36,2022-05-25 19:15:00,7ca73904c3d9495bac3a94aa15f8c6df,Britany,5
2022-05-25 15:42:02,2022-05-25 19:15:00,7ca73904c3d9495bac3a94aa15f8c6df,Britany,4
2022-05-25 18:45:59,2022-05-25 19:15:00,7ca73904c3d9495bac3a94aa15f8c6df,Britany,3
2022-05-25 18:46:01,2022-05-26 17:45:00,bdd150c8804a4849b8cf9c8e0c28f785,Julie,17
2022-05-25 18:46:06,2022-05-26 19:15:00,07c0e269b1824adf90e259b7cc9b6859,Aly,21
2022-05-25 20:24:39,2022-05-26 17:45:00,bdd150c8804a4849b8cf9c8e0c28f785,Julie,16
2022-05-25 20:24:42,2022-05-26 19:15:00,07c0e269b1824adf90e259b7cc9b6859,Aly,19
2022-05-25 21:05:36,2022-05-26 17:45:00,bdd150c8804a4849b8cf9c8e0c28f785,Julie,15
2022-05-25 21:05:41,2022-05-26 19:15:00,07c0e269b1824adf90e259b7cc9b6859,Aly,18
2022-05-25 21:58:17,2022-05-26 17:45:00,bdd150c8804a4849b8cf9c8e0c28f785,Julie,14
2022-05-25 21:58:20,2022-05-26 19:15:00,07c0e269b1824adf90e259b7cc9b6859,Aly,16
2022-05-25 22:43:45,2022-05-26 17:45:00,bdd150c8804a4849b8cf9c8e0c28f785,Julie,13
2022-05-25 22:43:50,2022-05-26 19:15:00,07c0e269b1824adf90e259b7cc9b6859,Aly,14
2022-05-25 23:50:03,2022-05-26 19:15:00,07c0e269b1824adf90e259b7cc9b6859,Aly,13
2022-05-26 07:40:23,2022-05-26 17:45:00,bdd150c8804a4849b8cf9c8e0c28f785,Julie,12
2022-05-26 09:28:25,2022-05-26 19:15:00,07c0e269b1824adf90e259b7cc9b6859,Aly,12
2022-05-26 10:02:15,2022-05-26 17:45:00,bdd150c8804a4849b8cf9c8e0c28f785,Julie,10
2022-05-26 10:02:18,2022-05-26 19:15:00,07c0e269b1824adf90e259b7cc9b6859,Aly,10
2022-05-26 11:24:02,2022-05-26 19:15:00,07c0e269b1824adf90e259b7cc9b6859,Aly,8
2022-05-26 12:37:06,2022-05-26 17:45:00,bdd150c8804a4849b8cf9c8e0c28f785,Julie,9
2022-05-26 13:20:53,2022-05-26 17:45:00,bdd150c8804a4849b8cf9c8e0c28f785,Julie,10
2022-05-26 13:20:57,2022-05-26 19:15:00,07c0e269b1824adf90e259b7cc9b6859,Aly,7
2022-05-26 15:42:15,2022-05-26 17:45:00,bdd150c8804a4849b8cf9c8e0c28f785,Julie,8
2022-05-26 15:42:21,2022-05-26 19:15:00,07c0e269b1824adf90e259b7cc9b6859,Aly,6
2022-05-26 16:16:51,2022-05-26 17:45:00,bdd150c8804a4849b8cf9c8e0c28f785,Julie,6
2022-05-26 18:58:22,2022-05-26 19:15:00,07c0e269b1824adf90e259b7cc9b6859,Aly,1
2022-05-30 11:46:57,2022-05-31 12:00:00,d3ab9dedb9d444f2af5c6848d5cd5bd3,Julie,20
2022-05-30 18:43:48,2022-05-31 17:45:00,3a9eec849bf149a7a4e4dcc6029dccc2,Alicia,18
2022-05-30 20:24:12,2022-05-31 12:00:00,d3ab9dedb9d444f2af5c6848d5cd5bd3,Julie,19
2022-05-30 20:24:13,2022-05-31 17:45:00,3a9eec849bf149a7a4e4dcc6029dccc2,Alicia,15
2022-05-30 20:24:19,2022-05-31 19:30:00,7219cf17a8c240e6a0f55a91f1a2961f,Bryant,12
2022-05-30 21:06:20,2022-05-31 19:30:00,7219cf17a8c240e6a0f55a91f1a2961f,Bryant,11
2022-05-30 21:59:52,2022-05-31 12:00:00,d3ab9dedb9d444f2af5c6848d5cd5bd3,Julie,18
2022-05-30 21:59:57,2022-05-31 17:45:00,3a9eec849bf149a7a4e4dcc6029dccc2,Alicia,13
2022-05-30 21:59:58,2022-05-31 19:30:00,7219cf17a8c240e6a0f55a91f1a2961f,Bryant,10
2022-05-30 22:29:55,2022-05-31 12:00:00,d3ab9dedb9d444f2af5c6848d5cd5bd3,Julie,17
2022-05-30 22:30:03,2022-05-31 19:30:00,7219cf17a8c240e6a0f55a91f1a2961f,Bryant,9
2022-05-30 23:23:51,2022-05-31 19:30:00,7219cf17a8c240e6a0f55a91f1a2961f,Bryant,8
2022-05-31 02:42:44,2022-05-31 19:30:00,7219cf17a8c240e6a0f55a91f1a2961f,Bryant,7
2022-05-31 03:45:38,2022-05-31 19:30:00,7219cf17a8c240e6a0f55a91f1a2961f,Bryant,6
2022-05-31 06:41:23,2022-05-31 12:00:00,d3ab9dedb9d444f2af5c6848d5cd5bd3,Julie,16
2022-05-31 06:41:32,2022-06-01 07:00:00,851a0a2125ef4b15b1fddd8b3b6720bf,Sarah,20
2022-05-31 08:33:10,2022-05-31 19:30:00,7219cf17a8c240e6a0f55a91f1a2961f,Bryant,3
2022-05-31 09:29:27,2022-05-31 12:00:00,d3ab9dedb9d444f2af5c6848d5cd5bd3,Julie,14
2022-05-31 09:29:30,2022-05-31 17:45:00,3a9eec849bf149a7a4e4dcc6029dccc2,Alicia,12
2022-05-31 09:29:33,2022-05-31 19:30:00,7219cf17a8c240e6a0f55a91f1a2961f,Bryant,2
2022-05-31 10:06:01,2022-05-31 12:00:00,d3ab9dedb9d444f2af5c6848d5cd5bd3,Julie,13
2022-05-31 10:06:05,2022-05-31 17:45:00,3a9eec849bf149a7a4e4dcc6029dccc2,Alicia,13
2022-05-31 10:06:15,2022-06-01 07:00:00,851a0a2125ef4b15b1fddd8b3b6720bf,Sarah,19
2022-05-31 10:49:39,2022-06-01 07:00:00,851a0a2125ef4b15b1fddd8b3b6720bf,Sarah,17
2022-05-31 11:23:16,2022-05-31 19:30:00,7219cf17a8c240e6a0f55a91f1a2961f,Bryant,0
2022-05-31 12:37:19,2022-05-31 17:45:00,3a9eec849bf149a7a4e4dcc6029dccc2,Alicia,12
2022-05-31 13:21:34,2022-05-31 17:45:00,3a9eec849bf149a7a4e4dcc6029dccc2,Alicia,11
2022-05-31 13:21:43,2022-06-01 07:00:00,851a0a2125ef4b15b1fddd8b3b6720bf,Sarah,16
2022-05-31 13:43:09,2022-05-31 17:45:00,3a9eec849bf149a7a4e4dcc6029dccc2,Alicia,10
2022-05-31 14:17:19,2022-05-31 17:45:00,3a9eec849bf149a7a4e4dcc6029dccc2,Alicia,8
2022-05-31 14:40:42,2022-05-31 17:45:00,3a9eec849bf149a7a4e4dcc6029dccc2,Alicia,6
2022-05-31 18:57:56,2022-06-01 07:00:00,851a0a2125ef4b15b1fddd8b3b6720bf,Sarah,14
2022-05-31 18:58:02,2022-06-01 19:15:00,7ca73904c3d9495bac3a94aa15f8c6df,Britany,20
2022-05-31 18:58:06,2022-06-01 17:45:00,9fe1cf2b9bd94d5db616ed53459cca8e,Laura,16
2022-05-31 21:08:40,2022-06-01 07:00:00,851a0a2125ef4b15b1fddd8b3b6720bf,Sarah,9
2022-05-31 21:08:43,2022-06-01 19:15:00,7ca73904c3d9495bac3a94aa15f8c6df,Britany,18
2022-05-31 21:08:45,2022-06-01 17:45:00,9fe1cf2b9bd94d5db616ed53459cca8e,Laura,14
2022-05-31 22:34:23,2022-06-01 07:00:00,851a0a2125ef4b15b1fddd8b3b6720bf,Sarah,8
2022-05-31 22:34:28,2022-06-01 17:45:00,9fe1cf2b9bd94d5db616ed53459cca8e,Laura,13
2022-05-31 23:27:34,2022-06-01 07:00:00,851a0a2125ef4b15b1fddd8b3b6720bf,Sarah,6
2022-05-31 23:27:38,2022-06-01 19:15:00,7ca73904c3d9495bac3a94aa15f8c6df,Britany,17
2022-06-01 01:28:17,2022-06-01 07:00:00,851a0a2125ef4b15b1fddd8b3b6720bf,Sarah,7
2022-06-01 01:28:21,2022-06-01 19:15:00,7ca73904c3d9495bac3a94aa15f8c6df,Britany,16
2022-06-01 06:48:49,2022-06-01 07:00:00,851a0a2125ef4b15b1fddd8b3b6720bf,Sarah,5
2022-06-01 07:25:19,2022-06-01 17:45:00,9fe1cf2b9bd94d5db616ed53459cca8e,Laura,11
2022-06-01 08:22:01,2022-06-01 19:15:00,7ca73904c3d9495bac3a94aa15f8c6df,Britany,15
2022-06-01 10:03:54,2022-06-01 17:45:00,9fe1cf2b9bd94d5db616ed53459cca8e,Laura,10
2022-06-01 10:50:44,2022-06-01 17:45:00,9fe1cf2b9bd94d5db616ed53459cca8e,Laura,9
2022-06-01 11:24:22,2022-06-01 17:45:00,9fe1cf2b9bd94d5db616ed53459cca8e,Laura,8
2022-06-01 11:50:21,2022-06-01 17:45:00,9fe1cf2b9bd94d5db616ed53459cca8e,Laura,7
2022-06-01 12:37:47,2022-06-01 17:45:00,9fe1cf2b9bd94d5db616ed53459cca8e,Laura,6
2022-06-01 13:21:56,2022-06-01 19:15:00,7ca73904c3d9495bac3a94aa15f8c6df,Britany,14
2022-06-01 15:20:09,2022-06-01 17:45:00,9fe1cf2b9bd94d5db616ed53459cca8e,Laura,7
2022-06-01 16:42:50,2022-06-01 19:15:00,7ca73904c3d9495bac3a94aa15f8c6df,Britany,12
2022-06-01 16:42:52,2022-06-01 17:45:00,9fe1cf2b9bd94d5db616ed53459cca8e,Laura,8
2022-06-01 18:46:38,2022-06-01 19:15:00,7ca73904c3d9495bac3a94aa15f8c6df,Britany,13
2022-06-01 18:46:41,2022-06-02 17:45:00,bdd150c8804a4849b8cf9c8e0c28f785,Julie,15
2022-06-01 20:47:33,2022-06-02 17:45:00,bdd150c8804a4849b8cf9c8e0c28f785,Julie,14
2022-06-01 21:48:13,2022-06-02 17:45:00,bdd150c8804a4849b8cf9c8e0c28f785,Julie,13
2022-06-01 23:52:21,2022-06-02 17:45:00,bdd150c8804a4849b8cf9c8e0c28f785,Julie,12
2022-06-02 06:46:54,2022-06-02 17:45:00,bdd150c8804a4849b8cf9c8e0c28f785,Julie,11
2022-06-02 08:20:26,2022-06-02 17:45:00,bdd150c8804a4849b8cf9c8e0c28f785,Julie,10
2022-06-02 08:46:53,2022-06-02 17:45:00,bdd150c8804a4849b8cf9c8e0c28f785,Julie,9
2022-06-02 12:14:41,2022-06-02 17:45:00,bdd150c8804a4849b8cf9c8e0c28f785,Julie,8
2022-06-02 12:36:29,2022-06-02 17:45:00,bdd150c8804a4849b8cf9c8e0c28f785,Julie,7
2022-06-02 13:39:38,2022-06-02 17:45:00,bdd150c8804a4849b8cf9c8e0c28f785,Julie,8
2022-06-02 16:38:47,2022-06-02 17:45:00,bdd150c8804a4849b8cf9c8e0c28f785,Julie,6
2022-06-06 11:44:28,2022-06-07 12:00:00,d3ab9dedb9d444f2af5c6848d5cd5bd3,Julie,20
2022-06-06 12:13:50,2022-06-07 12:00:00,d3ab9dedb9d444f2af5c6848d5cd5bd3,Julie,17
2022-06-06 12:36:30,2022-06-07 12:00:00,d3ab9dedb9d444f2af5c6848d5cd5bd3,Julie,16
2022-06-06 13:37:27,2022-06-07 12:00:00,d3ab9dedb9d444f2af5c6848d5cd5bd3,Julie,14
2022-06-06 16:38:26,2022-06-07 12:00:00,d3ab9dedb9d444f2af5c6848d5cd5bd3,Julie,13
2022-06-06 18:26:56,2022-06-07 17:45:00,3a9eec849bf149a7a4e4dcc6029dccc2,Alicia,14
2022-06-06 20:10:16,2022-06-07 19:30:00,7219cf17a8c240e6a0f55a91f1a2961f,Bryant,12
2022-06-06 21:02:12,2022-06-07 19:30:00,7219cf17a8c240e6a0f55a91f1a2961f,Bryant,8
2022-06-06 21:49:58,2022-06-07 12:00:00,d3ab9dedb9d444f2af5c6848d5cd5bd3,Julie,11
2022-06-06 21:50:00,2022-06-07 17:45:00,3a9eec849bf149a7a4e4dcc6029dccc2,Alicia,13
2022-06-06 21:50:01,2022-06-07 19:30:00,7219cf17a8c240e6a0f55a91f1a2961f,Bryant,5
2022-06-06 22:15:22,2022-06-07 17:45:00,3a9eec849bf149a7a4e4dcc6029dccc2,Alicia,11
2022-06-06 22:15:28,2022-06-07 19:30:00,7219cf17a8c240e6a0f55a91f1a2961f,Bryant,4
2022-06-06 22:37:23,2022-06-07 19:30:00,7219cf17a8c240e6a0f55a91f1a2961f,Bryant,2
2022-06-06 23:21:34,2022-06-07 17:45:00,3a9eec849bf149a7a4e4dcc6029dccc2,Alicia,10
2022-06-07 00:17:30,2022-06-07 12:00:00,d3ab9dedb9d444f2af5c6848d5cd5bd3,Julie,10
2022-06-07 00:17:34,2022-06-07 17:45:00,3a9eec849bf149a7a4e4dcc6029dccc2,Alicia,9
2022-06-07 00:17:38,2022-06-07 19:30:00,7219cf17a8c240e6a0f55a91f1a2961f,Bryant,0
2022-06-07 06:36:07,2022-06-08 07:00:00,851a0a2125ef4b15b1fddd8b3b6720bf,Sarah,20
2022-06-07 07:17:37,2022-06-08 07:00:00,851a0a2125ef4b15b1fddd8b3b6720bf,Sarah,19
2022-06-07 07:38:25,2022-06-07 12:00:00,d3ab9dedb9d444f2af5c6848d5cd5bd3,Julie,8
2022-06-07 07:38:28,2022-06-07 17:45:00,3a9eec849bf149a7a4e4dcc6029dccc2,Alicia,8
2022-06-07 08:23:31,2022-06-08 07:00:00,851a0a2125ef4b15b1fddd8b3b6720bf,Sarah,18
2022-06-07 08:43:49,2022-06-07 12:00:00,d3ab9dedb9d444f2af5c6848d5cd5bd3,Julie,7
2022-06-07 09:27:48,2022-06-08 07:00:00,851a0a2125ef4b15b1fddd8b3b6720bf,Sarah,17
2022-06-07 10:45:39,2022-06-08 07:00:00,851a0a2125ef4b15b1fddd8b3b6720bf,Sarah,16
2022-06-07 11:20:40,2022-06-07 12:00:00,d3ab9dedb9d444f2af5c6848d5cd5bd3,Julie,6
2022-06-07 12:19:15,2022-06-07 17:45:00,3a9eec849bf149a7a4e4dcc6029dccc2,Alicia,7
2022-06-07 12:19:24,2022-06-08 07:00:00,851a0a2125ef4b15b1fddd8b3b6720bf,Sarah,15
2022-06-07 14:20:23,2022-06-07 17:45:00,3a9eec849bf149a7a4e4dcc6029dccc2,Alicia,6
2022-06-07 14:38:14,2022-06-08 07:00:00,851a0a2125ef4b15b1fddd8b3b6720bf,Sarah,14
2022-06-07 16:16:53,2022-06-07 17:45:00,3a9eec849bf149a7a4e4dcc6029dccc2,Alicia,5
2022-06-07 18:37:07,2022-06-07 19:30:00,7219cf17a8c240e6a0f55a91f1a2961f,Bryant,2
2022-06-07 18:37:10,2022-06-08 17:45:00,9fe1cf2b9bd94d5db616ed53459cca8e,Laura,17
2022-06-07 20:24:21,2022-06-08 07:00:00,851a0a2125ef4b15b1fddd8b3b6720bf,Sarah,13
2022-06-07 20:24:24,2022-06-08 19:15:00,7ca73904c3d9495bac3a94aa15f8c6df,Britany,18
2022-06-07 21:07:05,2022-06-08 19:15:00,7ca73904c3d9495bac3a94aa15f8c6df,Britany,14
2022-06-07 21:53:37,2022-06-08 07:00:00,851a0a2125ef4b15b1fddd8b3b6720bf,Sarah,12
2022-06-07 22:16:28,2022-06-08 07:00:00,851a0a2125ef4b15b1fddd8b3b6720bf,Sarah,11
2022-06-07 22:16:33,2022-06-08 19:15:00,7ca73904c3d9495bac3a94aa15f8c6df,Britany,13
2022-06-07 22:16:35,2022-06-08 17:45:00,9fe1cf2b9bd94d5db616ed53459cca8e,Laura,16
2022-06-07 23:21:41,2022-06-08 07:00:00,851a0a2125ef4b15b1fddd8b3b6720bf,Sarah,9
2022-06-08 06:38:59,2022-06-08 07:00:00,851a0a2125ef4b15b1fddd8b3b6720bf,Sarah,8
2022-06-08 07:15:53,2022-06-08 19:15:00,7ca73904c3d9495bac3a94aa15f8c6df,Britany,12
2022-06-08 07:47:19,2022-06-08 19:15:00,7ca73904c3d9495bac3a94aa15f8c6df,Britany,11
2022-06-08 08:17:46,2022-06-08 19:15:00,7ca73904c3d9495bac3a94aa15f8c6df,Britany,10
2022-06-08 08:41:41,2022-06-08 17:45:00,9fe1cf2b9bd94d5db616ed53459cca8e,Laura,15
2022-06-08 09:24:35,2022-06-08 19:15:00,7ca73904c3d9495bac3a94aa15f8c6df,Britany,8
2022-06-08 09:55:03,2022-06-08 19:15:00,7ca73904c3d9495bac3a94aa15f8c6df,Britany,5
2022-06-08 11:21:39,2022-06-08 19:15:00,7ca73904c3d9495bac3a94aa15f8c6df,Britany,4
2022-06-08 11:21:44,2022-06-08 17:45:00,9fe1cf2b9bd94d5db616ed53459cca8e,Laura,14
2022-06-08 12:16:26,2022-06-08 19:15:00,7ca73904c3d9495bac3a94aa15f8c6df,Britany,3
2022-06-08 12:16:28,2022-06-08 17:45:00,9fe1cf2b9bd94d5db616ed53459cca8e,Laura,13
2022-06-08 12:36:47,2022-06-08 17:45:00,9fe1cf2b9bd94d5db616ed53459cca8e,Laura,12
2022-06-08 13:18:17,2022-06-08 17:45:00,9fe1cf2b9bd94d5db616ed53459cca8e,Laura,11
2022-06-08 13:39:31,2022-06-08 17:45:00,9fe1cf2b9bd94d5db616ed53459cca8e,Laura,10
2022-06-08 16:17:46,2022-06-08 19:15:00,7ca73904c3d9495bac3a94aa15f8c6df,Britany,2
2022-06-08 16:17:51,2022-06-08 17:45:00,9fe1cf2b9bd94d5db616ed53459cca8e,Laura,11
2022-06-08 16:38:54,2022-06-08 19:15:00,7ca73904c3d9495bac3a94aa15f8c6df,Britany,1
2022-06-08 18:37:25,2022-06-08 19:15:00,7ca73904c3d9495bac3a94aa15f8c6df,Britany,2
2022-06-08 18:37:27,2022-06-09 17:45:00,bdd150c8804a4849b8cf9c8e0c28f785,Julie,18
2022-06-08 20:25:09,2022-06-09 17:45:00,bdd150c8804a4849b8cf9c8e0c28f785,Julie,14
2022-06-08 20:25:11,2022-06-09 19:15:00,07c0e269b1824adf90e259b7cc9b6859,Aly,18
2022-06-08 21:05:09,2022-06-09 17:45:00,bdd150c8804a4849b8cf9c8e0c28f785,Julie,13
2022-06-08 21:05:13,2022-06-09 19:15:00,07c0e269b1824adf90e259b7cc9b6859,Aly,17
2022-06-08 21:53:35,2022-06-09 17:45:00,bdd150c8804a4849b8cf9c8e0c28f785,Julie,12
2022-06-08 22:37:52,2022-06-09 17:45:00,bdd150c8804a4849b8cf9c8e0c28f785,Julie,11
2022-06-08 23:22:23,2022-06-09 19:15:00,07c0e269b1824adf90e259b7cc9b6859,Aly,16
2022-06-08 23:46:43,2022-06-09 17:45:00,bdd150c8804a4849b8cf9c8e0c28f785,Julie,10
2022-06-09 07:15:59,2022-06-09 19:15:00,07c0e269b1824adf90e259b7cc9b6859,Aly,15
2022-06-09 08:17:37,2022-06-09 17:45:00,bdd150c8804a4849b8cf9c8e0c28f785,Julie,8
2022-06-09 08:41:48,2022-06-09 19:15:00,07c0e269b1824adf90e259b7cc9b6859,Aly,14
2022-06-09 09:59:05,2022-06-09 19:15:00,07c0e269b1824adf90e259b7cc9b6859,Aly,12
2022-06-09 11:21:14,2022-06-09 17:45:00,bdd150c8804a4849b8cf9c8e0c28f785,Julie,5
2022-06-09 12:14:33,2022-06-09 17:45:00,bdd150c8804a4849b8cf9c8e0c28f785,Julie,6
2022-06-09 12:14:37,2022-06-09 19:15:00,07c0e269b1824adf90e259b7cc9b6859,Aly,9
2022-06-09 12:36:44,2022-06-09 17:45:00,bdd150c8804a4849b8cf9c8e0c28f785,Julie,7
2022-06-09 12:36:49,2022-06-09 19:15:00,07c0e269b1824adf90e259b7cc9b6859,Aly,8
2022-06-09 13:19:05,2022-06-09 17:45:00,bdd150c8804a4849b8cf9c8e0c28f785,Julie,6
2022-06-09 14:14:17,2022-06-09 19:15:00,07c0e269b1824adf90e259b7cc9b6859,Aly,7
2022-06-09 15:18:46,2022-06-09 17:45:00,bdd150c8804a4849b8cf9c8e0c28f785,Julie,7
2022-06-09 16:17:04,2022-06-09 17:45:00,bdd150c8804a4849b8cf9c8e0c28f785,Julie,6
2022-06-09 19:01:04,2022-06-09 19:15:00,07c0e269b1824adf90e259b7cc9b6859,Aly,4
2022-06-13 11:46:57,2022-06-14 12:00:00,d3ab9dedb9d444f2af5c6848d5cd5bd3,Julie,20
2022-06-13 12:12:22,2022-06-14 12:00:00,d3ab9dedb9d444f2af5c6848d5cd5bd3,Julie,19
2022-06-13 13:40:57,2022-06-14 12:00:00,d3ab9dedb9d444f2af5c6848d5cd5bd3,Julie,18
2022-06-13 15:16:03,2022-06-14 12:00:00,d3ab9dedb9d444f2af5c6848d5cd5bd3,Julie,17
2022-06-13 15:39:18,2022-06-14 12:00:00,d3ab9dedb9d444f2af5c6848d5cd5bd3,Julie,15
2022-06-13 16:38:05,2022-06-14 12:00:00,d3ab9dedb9d444f2af5c6848d5cd5bd3,Julie,14
2022-06-13 18:54:43,2022-06-14 17:45:00,3a9eec849bf149a7a4e4dcc6029dccc2,Alicia,16
2022-06-13 20:52:24,2022-06-14 12:00:00,d3ab9dedb9d444f2af5c6848d5cd5bd3,Julie,13
2022-06-13 20:52:27,2022-06-14 17:45:00,3a9eec849bf149a7a4e4dcc6029dccc2,Alicia,14
2022-06-13 20:52:32,2022-06-14 19:30:00,7219cf17a8c240e6a0f55a91f1a2961f,Bryant,5
2022-06-13 21:52:16,2022-06-14 12:00:00,d3ab9dedb9d444f2af5c6848d5cd5bd3,Julie,12
2022-06-13 21:52:26,2022-06-14 19:30:00,7219cf17a8c240e6a0f55a91f1a2961f,Bryant,0
2022-06-13 22:30:15,2022-06-14 12:00:00,d3ab9dedb9d444f2af5c6848d5cd5bd3,Julie,10
2022-06-13 22:30:17,2022-06-14 17:45:00,3a9eec849bf149a7a4e4dcc6029dccc2,Alicia,11
2022-06-13 23:48:42,2022-06-14 17:45:00,3a9eec849bf149a7a4e4dcc6029dccc2,Alicia,10
2022-06-14 05:34:52,2022-06-14 17:45:00,3a9eec849bf149a7a4e4dcc6029dccc2,Alicia,9
2022-06-14 06:32:02,2022-06-14 17:45:00,3a9eec849bf149a7a4e4dcc6029dccc2,Alicia,8
2022-06-14 06:32:05,2022-06-15 07:00:00,851a0a2125ef4b15b1fddd8b3b6720bf,Sarah,20
2022-06-14 07:38:17,2022-06-14 17:45:00,3a9eec849bf149a7a4e4dcc6029dccc2,Alicia,9
2022-06-14 08:19:10,2022-06-15 07:00:00,851a0a2125ef4b15b1fddd8b3b6720bf,Sarah,19
2022-06-14 08:44:10,2022-06-14 12:00:00,d3ab9dedb9d444f2af5c6848d5cd5bd3,Julie,9
2022-06-14 09:28:14,2022-06-14 12:00:00,d3ab9dedb9d444f2af5c6848d5cd5bd3,Julie,7
2022-06-14 09:28:23,2022-06-15 07:00:00,851a0a2125ef4b15b1fddd8b3b6720bf,Sarah,18
2022-06-14 09:59:09,2022-06-14 19:30:00,7219cf17a8c240e6a0f55a91f1a2961f,Bryant,1
2022-06-14 09:59:14,2022-06-15 07:00:00,851a0a2125ef4b15b1fddd8b3b6720bf,Sarah,17
2022-06-14 10:25:40,2022-06-14 12:00:00,d3ab9dedb9d444f2af5c6848d5cd5bd3,Julie,6
2022-06-14 10:25:45,2022-06-14 17:45:00,3a9eec849bf149a7a4e4dcc6029dccc2,Alicia,8
2022-06-14 10:25:47,2022-06-14 19:30:00,7219cf17a8c240e6a0f55a91f1a2961f,Bryant,0
2022-06-14 10:41:44,2022-06-14 12:00:00,d3ab9dedb9d444f2af5c6848d5cd5bd3,Julie,4
2022-06-14 11:46:28,2022-06-14 12:00:00,d3ab9dedb9d444f2af5c6848d5cd5bd3,Julie,3
2022-06-14 11:46:29,2022-06-14 17:45:00,3a9eec849bf149a7a4e4dcc6029dccc2,Alicia,6
2022-06-14 14:16:36,2022-06-15 07:00:00,851a0a2125ef4b15b1fddd8b3b6720bf,Sarah,16
2022-06-14 14:37:25,2022-06-14 17:45:00,3a9eec849bf149a7a4e4dcc6029dccc2,Alicia,7
2022-06-14 14:37:33,2022-06-15 07:00:00,851a0a2125ef4b15b1fddd8b3b6720bf,Sarah,15
2022-06-14 15:38:36,2022-06-14 17:45:00,3a9eec849bf149a7a4e4dcc6029dccc2,Alicia,5
2022-06-14 15:38:40,2022-06-15 07:00:00,851a0a2125ef4b15b1fddd8b3b6720bf,Sarah,13
2022-06-14 16:38:52,2022-06-14 17:45:00,3a9eec849bf149a7a4e4dcc6029dccc2,Alicia,3
2022-06-14 16:38:59,2022-06-15 07:00:00,851a0a2125ef4b15b1fddd8b3b6720bf,Sarah,12
2022-06-14 18:44:53,2022-06-15 07:00:00,851a0a2125ef4b15b1fddd8b3b6720bf,Sarah,10
2022-06-14 18:44:57,2022-06-15 17:45:00,9fe1cf2b9bd94d5db616ed53459cca8e,Laura,16
2022-06-14 20:40:41,2022-06-15 19:15:00,7ca73904c3d9495bac3a94aa15f8c6df,Britany,18
2022-06-14 20:40:43,2022-06-15 17:45:00,9fe1cf2b9bd94d5db616ed53459cca8e,Laura,15
2022-06-14 22:20:33,2022-06-15 07:00:00,851a0a2125ef4b15b1fddd8b3b6720bf,Sarah,8
2022-06-14 22:20:34,2022-06-15 19:15:00,7ca73904c3d9495bac3a94aa15f8c6df,Britany,17
2022-06-14 22:20:38,2022-06-15 17:45:00,9fe1cf2b9bd94d5db616ed53459cca8e,Laura,13
2022-06-14 22:40:37,2022-06-15 07:00:00,851a0a2125ef4b15b1fddd8b3b6720bf,Sarah,7
2022-06-14 22:40:43,2022-06-15 19:15:00,7ca73904c3d9495bac3a94aa15f8c6df,Britany,15
2022-06-14 23:21:37,2022-06-15 07:00:00,851a0a2125ef4b15b1fddd8b3b6720bf,Sarah,8
2022-06-14 23:21:39,2022-06-15 19:15:00,7ca73904c3d9495bac3a94aa15f8c6df,Britany,13
2022-06-14 23:45:57,2022-06-15 07:00:00,851a0a2125ef4b15b1fddd8b3b6720bf,Sarah,7
2022-06-14 23:45:59,2022-06-15 19:15:00,7ca73904c3d9495bac3a94aa15f8c6df,Britany,11
2022-06-15 00:17:30,2022-06-15 07:00:00,851a0a2125ef4b15b1fddd8b3b6720bf,Sarah,9
2022-06-15 01:25:01,2022-06-15 19:15:00,7ca73904c3d9495bac3a94aa15f8c6df,Britany,10
2022-06-15 04:15:43,2022-06-15 07:00:00,851a0a2125ef4b15b1fddd8b3b6720bf,Sarah,10
2022-06-15 05:34:29,2022-06-15 07:00:00,851a0a2125ef4b15b1fddd8b3b6720bf,Sarah,11
2022-06-15 06:36:05,2022-06-15 07:00:00,851a0a2125ef4b15b1fddd8b3b6720bf,Sarah,10
2022-06-15 07:15:59,2022-06-15 19:15:00,7ca73904c3d9495bac3a94aa15f8c6df,Britany,9
2022-06-15 09:25:04,2022-06-15 19:15:00,7ca73904c3d9495bac3a94aa15f8c6df,Britany,6
2022-06-15 11:46:14,2022-06-15 19:15:00,7ca73904c3d9495bac3a94aa15f8c6df,Britany,5
2022-06-15 12:15:00,2022-06-15 19:15:00,7ca73904c3d9495bac3a94aa15f8c6df,Britany,4
2022-06-15 14:15:17,2022-06-15 19:15:00,7ca73904c3d9495bac3a94aa15f8c6df,Britany,0
2022-06-15 15:39:43,2022-06-15 19:15:00,7ca73904c3d9495bac3a94aa15f8c6df,Britany,1
2022-06-15 16:18:11,2022-06-15 19:15:00,7ca73904c3d9495bac3a94aa15f8c6df,Britany,0
2022-06-15 16:39:55,2022-06-15 19:15:00,7ca73904c3d9495bac3a94aa15f8c6df,Britany,1
2022-06-15 18:42:18,2022-06-16 17:45:00,bdd150c8804a4849b8cf9c8e0c28f785,Julie,17
2022-06-15 20:24:34,2022-06-16 19:15:00,07c0e269b1824adf90e259b7cc9b6859,Aly,19
2022-06-15 21:07:18,2022-06-16 17:45:00,bdd150c8804a4849b8cf9c8e0c28f785,Julie,16
2022-06-15 21:07:22,2022-06-16 19:15:00,07c0e269b1824adf90e259b7cc9b6859,Aly,18
2022-06-15 21:57:43,2022-06-16 17:45:00,bdd150c8804a4849b8cf9c8e0c28f785,Julie,15
2022-06-15 22:39:50,2022-06-16 17:45:00,bdd150c8804a4849b8cf9c8e0c28f785,Julie,14
2022-06-15 23:21:21,2022-06-16 17:45:00,bdd150c8804a4849b8cf9c8e0c28f785,Julie,13
2022-06-16 07:15:46,2022-06-16 17:45:00,bdd150c8804a4849b8cf9c8e0c28f785,Julie,12
2022-06-16 08:43:42,2022-06-16 17:45:00,bdd150c8804a4849b8cf9c8e0c28f785,Julie,11
2022-06-16 09:59:21,2022-06-16 19:15:00,07c0e269b1824adf90e259b7cc9b6859,Aly,17
2022-06-16 11:23:10,2022-06-16 19:15:00,07c0e269b1824adf90e259b7cc9b6859,Aly,16
2022-06-16 12:15:58,2022-06-16 17:45:00,bdd150c8804a4849b8cf9c8e0c28f785,Julie,8
2022-06-16 14:15:07,2022-06-16 17:45:00,bdd150c8804a4849b8cf9c8e0c28f785,Julie,7
2022-06-16 14:15:08,2022-06-16 19:15:00,07c0e269b1824adf90e259b7cc9b6859,Aly,14
2022-06-16 16:18:04,2022-06-16 17:45:00,bdd150c8804a4849b8cf9c8e0c28f785,Julie,6
2022-06-16 18:59:18,2022-06-16 19:15:00,07c0e269b1824adf90e259b7cc9b6859,Aly,11
2022-06-20 11:46:27,2022-06-21 12:00:00,d3ab9dedb9d444f2af5c6848d5cd5bd3,Julie,20
2022-06-20 13:41:16,2022-06-21 12:00:00,d3ab9dedb9d444f2af5c6848d5cd5bd3,Julie,19
2022-06-20 18:49:33,2022-06-21 12:00:00,d3ab9dedb9d444f2af5c6848d5cd5bd3,Julie,17
2022-06-20 18:49:37,2022-06-21 17:45:00,3a9eec849bf149a7a4e4dcc6029dccc2,Alicia,16
2022-06-20 20:39:29,2022-06-21 19:30:00,7219cf17a8c240e6a0f55a91f1a2961f,Bryant,8
2022-06-20 21:37:20,2022-06-21 12:00:00,d3ab9dedb9d444f2af5c6848d5cd5bd3,Julie,13
2022-06-20 21:37:27,2022-06-21 19:30:00,7219cf17a8c240e6a0f55a91f1a2961f,Bryant,4
2022-06-20 22:21:24,2022-06-21 12:00:00,d3ab9dedb9d444f2af5c6848d5cd5bd3,Julie,12
2022-06-20 22:21:31,2022-06-21 19:30:00,7219cf17a8c240e6a0f55a91f1a2961f,Bryant,3
2022-06-20 22:41:02,2022-06-21 17:45:00,3a9eec849bf149a7a4e4dcc6029dccc2,Alicia,15
2022-06-20 22:41:06,2022-06-21 19:30:00,7219cf17a8c240e6a0f55a91f1a2961f,Bryant,2
2022-06-20 23:27:29,2022-06-21 19:30:00,7219cf17a8c240e6a0f55a91f1a2961f,Bryant,0
2022-06-21 00:16:14,2022-06-21 17:45:00,3a9eec849bf149a7a4e4dcc6029dccc2,Alicia,14
2022-06-21 02:45:53,2022-06-21 12:00:00,d3ab9dedb9d444f2af5c6848d5cd5bd3,Julie,11
2022-06-21 03:25:58,2022-06-21 17:45:00,3a9eec849bf149a7a4e4dcc6029dccc2,Alicia,13
2022-06-21 05:39:08,2022-06-21 17:45:00,3a9eec849bf149a7a4e4dcc6029dccc2,Alicia,12
2022-06-21 06:42:10,2022-06-21 12:00:00,d3ab9dedb9d444f2af5c6848d5cd5bd3,Julie,12
2022-06-21 06:42:21,2022-06-22 07:00:00,851a0a2125ef4b15b1fddd8b3b6720bf,Sarah,20
2022-06-21 07:17:17,2022-06-22 07:00:00,851a0a2125ef4b15b1fddd8b3b6720bf,Sarah,19
2022-06-21 07:44:32,2022-06-21 17:45:00,3a9eec849bf149a7a4e4dcc6029dccc2,Alicia,11
2022-06-21 08:19:54,2022-06-21 17:45:00,3a9eec849bf149a7a4e4dcc6029dccc2,Alicia,10
2022-06-21 08:20:03,2022-06-22 07:00:00,851a0a2125ef4b15b1fddd8b3b6720bf,Sarah,17
2022-06-21 08:44:47,2022-06-21 12:00:00,d3ab9dedb9d444f2af5c6848d5cd5bd3,Julie,11
2022-06-21 08:44:55,2022-06-22 07:00:00,851a0a2125ef4b15b1fddd8b3b6720bf,Sarah,16
